run_name,run_id,url,state,created,sweep,game,algorithm,no_gaze,seed,lambda_gaze,gaze_loss_layers,gaze_loss_heads,gaze_loss_mode,loading_method,epochs,test_best_mean_return,test_final_mean_return,eval_mean_return,final_epoch
AuxGazeFactorizedViViT_Alien_seed-100_c4d3b66dc54a_20260305-231137,c4d3b66dc54a,https://wandb.ai/papaya147-ml/ViViT-GABRIL-Atari/runs/c4d3b66dc54a,finished,2026-03-04T04:24:35Z,8-seed,Alien,AuxGazeFactorizedViViT,False,100,0.5,,,kl_then_mean,gabril,500,1119.1,1007.1,994.4,499
AuxGazeFactorizedViViT_NoGaze_Alien_seed-100_2325eb950d09_20260315-115032,2325eb950d09,https://wandb.ai/papaya147-ml/ViViT-GABRIL-Atari/runs/2325eb950d09,finished,2026-03-13T17:13:26Z,8-seed,Alien,AuxGazeFactorizedViViT,True,100,0.5,,,mean_then_kl,gabril,500,1028.5,1052.6,1143.1,499
AuxGazeFactorizedViViT_Alien_seed-101_74dd00b49a7a_20260305-235358,74dd00b49a7a,https://wandb.ai/papaya147-ml/ViViT-GABRIL-Atari/runs/74dd00b49a7a,finished,2026-03-04T05:08:12Z,8-seed,Alien,AuxGazeFactorizedViViT,False,101,0.5,,,kl_then_mean,gabril,500,1598.3,1629.2,1565.8,499
AuxGazeFactorizedViViT_NoGaze_Alien_seed-101_f8bd32e41bdf_20260315-115811,f8bd32e41bdf,https://wandb.ai/papaya147-ml/ViViT-GABRIL-Atari/runs/f8bd32e41bdf,finished,2026-03-13T17:24:06Z,8-seed,Alien,AuxGazeFactorizedViViT,True,101,0.5,,,mean_then_kl,gabril,500,987.4,219.7,272.9,499
AuxGazeFactorizedViViT_Alien_seed-102_83f60b036be4_20260305-235358,83f60b036be4,https://wandb.ai/papaya147-ml/ViViT-GABRIL-Atari/runs/83f60b036be4,finished,2026-03-04T05:08:12Z,8-seed,Alien,AuxGazeFactorizedViViT,False,102,0.5,,,kl_then_mean,gabril,500,1303.2,1131,1298.9,499
AuxGazeFactorizedViViT_NoGaze_Alien_seed-102_f8e02298ca37_20260315-123051,f8e02298ca37,https://wandb.ai/papaya147-ml/ViViT-GABRIL-Atari/runs/f8e02298ca37,finished,2026-03-13T18:42:19Z,8-seed,Alien,AuxGazeFactorizedViViT,True,102,0.5,,,mean_then_kl,gabril,500,1295,1335.7,1312.9,499
AuxGazeFactorizedViViT_Alien_seed-103_ca557c2393e6_20260306-015043,ca557c2393e6,https://wandb.ai/papaya147-ml/ViViT-GABRIL-Atari/runs/ca557c2393e6,finished,2026-03-04T06:54:26Z,8-seed,Alien,AuxGazeFactorizedViViT,False,103,0.5,,,kl_then_mean,gabril,500,1351.6,1311,1274.7,499
AuxGazeFactorizedViViT_NoGaze_Alien_seed-103_386b07d22cb3_20260315-132436,386b07d22cb3,https://wandb.ai/papaya147-ml/ViViT-GABRIL-Atari/runs/386b07d22cb3,finished,2026-03-13T19:46:25Z,8-seed,Alien,AuxGazeFactorizedViViT,True,103,0.5,,,mean_then_kl,gabril,500,798.2,747.9,704.1,499
AuxGazeFactorizedViViT_Alien_seed-104_eb060d485d1d_20260306-015144,eb060d485d1d,https://wandb.ai/papaya147-ml/ViViT-GABRIL-Atari/runs/eb060d485d1d,finished,2026-03-04T07:25:56Z,8-seed,Alien,AuxGazeFactorizedViViT,False,104,0.5,,,kl_then_mean,gabril,500,1311.2,1328.7,1349.1,499
AuxGazeFactorizedViViT_NoGaze_Alien_seed-104_d14c35fa112d_20260315-132510,d14c35fa112d,https://wandb.ai/papaya147-ml/ViViT-GABRIL-Atari/runs/d14c35fa112d,finished,2026-03-13T20:16:34Z,8-seed,Alien,AuxGazeFactorizedViViT,True,104,0.5,,,mean_then_kl,gabril,500,1050.4,1132.8,1056.7,499
AuxGazeFactorizedViViT_Alien_seed-105_c8e526a08e7c_20260306-020942,c8e526a08e7c,https://wandb.ai/papaya147-ml/ViViT-GABRIL-Atari/runs/c8e526a08e7c,finished,2026-03-04T07:26:28Z,8-seed,Alien,AuxGazeFactorizedViViT,False,105,0.5,,,kl_then_mean,gabril,500,1730.5,1840.2,1979.2,499
AuxGazeFactorizedViViT_NoGaze_Alien_seed-105_8aac15b4e40b_20260315-133218,8aac15b4e40b,https://wandb.ai/papaya147-ml/ViViT-GABRIL-Atari/runs/8aac15b4e40b,finished,2026-03-13T20:17:29Z,8-seed,Alien,AuxGazeFactorizedViViT,True,105,0.5,,,mean_then_kl,gabril,500,1327.4,685.9,697.6,499
AuxGazeFactorizedViViT_Alien_seed-106_ebc8323d01b2_20260306-022807,ebc8323d01b2,https://wandb.ai/papaya147-ml/ViViT-GABRIL-Atari/runs/ebc8323d01b2,finished,2026-03-04T08:15:30Z,8-seed,Alien,AuxGazeFactorizedViViT,False,106,0.5,,,kl_then_mean,gabril,500,1888.1,1813.2,1907,499
AuxGazeFactorizedViViT_NoGaze_Alien_seed-106_32afebeca080_20260315-141254,32afebeca080,https://wandb.ai/papaya147-ml/ViViT-GABRIL-Atari/runs/32afebeca080,finished,2026-03-13T21:58:20Z,8-seed,Alien,AuxGazeFactorizedViViT,True,106,0.5,,,mean_then_kl,gabril,500,1201.3,1127.9,1219.8,499
AuxGazeFactorizedViViT_Alien_seed-107_b6e963b99f33_20260306-024352,b6e963b99f33,https://wandb.ai/papaya147-ml/ViViT-GABRIL-Atari/runs/b6e963b99f33,finished,2026-03-04T08:23:28Z,8-seed,Alien,AuxGazeFactorizedViViT,False,107,0.5,,,kl_then_mean,gabril,500,1480.7,1176.1,1251.3,499
AuxGazeFactorizedViViT_NoGaze_Alien_seed-107_eb840208f733_20260315-151325,eb840208f733,https://wandb.ai/papaya147-ml/ViViT-GABRIL-Atari/runs/eb840208f733,finished,2026-03-13T22:00:23Z,8-seed,Alien,AuxGazeFactorizedViViT,True,107,0.5,,,mean_then_kl,gabril,500,997.7,381.5,345.9,499
FactorizedViViT_Alien_seed-100_ffa0612f7ba2_20260305-180719,ffa0612f7ba2,https://wandb.ai/papaya147-ml/ViViT-GABRIL-Atari/runs/ffa0612f7ba2,finished,2026-03-04T02:01:25Z,8-seed,Alien,FactorizedViViT,False,100,0.5,,,kl_then_mean,gabril,500,1620.6,1353.5,1376.1,499
FactorizedViViT_NoGaze_Alien_seed-100_7ca6e2c2b1f0_20260315-091259,7ca6e2c2b1f0,https://wandb.ai/papaya147-ml/ViViT-GABRIL-Atari/runs/7ca6e2c2b1f0,finished,2026-03-13T05:06:27Z,8-seed,Alien,FactorizedViViT,True,100,0.5,,,mean_then_kl,gabril,500,1701.6,651.1,649.2,499
FactorizedViViT_Alien_seed-101_9c73e59c6d90_20260305-195835,9c73e59c6d90,https://wandb.ai/papaya147-ml/ViViT-GABRIL-Atari/runs/9c73e59c6d90,finished,2026-03-04T02:00:37Z,8-seed,Alien,FactorizedViViT,False,101,0.5,,,kl_then_mean,gabril,500,1431.8,1425,1458.4,499
FactorizedViViT_NoGaze_Alien_seed-101_671e99d764a7_20260315-093542,671e99d764a7,https://wandb.ai/papaya147-ml/ViViT-GABRIL-Atari/runs/671e99d764a7,finished,2026-03-13T08:14:14Z,8-seed,Alien,FactorizedViViT,True,101,0.5,,,mean_then_kl,gabril,500,1167.1,1211.3,1262.4,499
FactorizedViViT_Alien_seed-102_5a47d881f0b7_20260305-200526,5a47d881f0b7,https://wandb.ai/papaya147-ml/ViViT-GABRIL-Atari/runs/5a47d881f0b7,finished,2026-03-04T02:00:12Z,8-seed,Alien,FactorizedViViT,False,102,0.5,,,kl_then_mean,gabril,500,1234,1192.6,1370.1,499
FactorizedViViT_NoGaze_Alien_seed-102_06d45da85c82_20260315-103122,06d45da85c82,https://wandb.ai/papaya147-ml/ViViT-GABRIL-Atari/runs/06d45da85c82,finished,2026-03-13T10:29:59Z,8-seed,Alien,FactorizedViViT,True,102,0.5,,,mean_then_kl,gabril,500,688.1,655.9,764.3,499
FactorizedViViT_Alien_seed-103_eea36bdb9b28_20260305-202145,eea36bdb9b28,https://wandb.ai/papaya147-ml/ViViT-GABRIL-Atari/runs/eea36bdb9b28,finished,2026-03-04T02:00:12Z,8-seed,Alien,FactorizedViViT,False,103,0.5,,,kl_then_mean,gabril,500,1454.5,1725.7,1613.7,499
FactorizedViViT_NoGaze_Alien_seed-103_666a2d554861_20260315-103423,666a2d554861,https://wandb.ai/papaya147-ml/ViViT-GABRIL-Atari/runs/666a2d554861,finished,2026-03-13T10:38:44Z,8-seed,Alien,FactorizedViViT,True,103,0.5,,,mean_then_kl,gabril,500,770.9,414.3,565.6,499
FactorizedViViT_Alien_seed-104_ab8ea0b05799_20260305-205620,ab8ea0b05799,https://wandb.ai/papaya147-ml/ViViT-GABRIL-Atari/runs/ab8ea0b05799,finished,2026-03-04T02:00:12Z,8-seed,Alien,FactorizedViViT,False,104,0.5,,,kl_then_mean,gabril,500,1350.4,1157.9,1197.8,499
FactorizedViViT_NoGaze_Alien_seed-104_05161a3e1ca5_20260315-103954,05161a3e1ca5,https://wandb.ai/papaya147-ml/ViViT-GABRIL-Atari/runs/05161a3e1ca5,finished,2026-03-13T12:17:35Z,8-seed,Alien,FactorizedViViT,True,104,0.5,,,mean_then_kl,gabril,500,1237,1250.2,1273.3,499
FactorizedViViT_Alien_seed-105_021521adf4ab_20260305-220206,021521adf4ab,https://wandb.ai/papaya147-ml/ViViT-GABRIL-Atari/runs/021521adf4ab,finished,2026-03-04T02:00:12Z,8-seed,Alien,FactorizedViViT,False,105,0.5,,,kl_then_mean,gabril,500,1431.7,1273.8,1283,499
FactorizedViViT_NoGaze_Alien_seed-105_0e83f63e923d_20260315-104159,0e83f63e923d,https://wandb.ai/papaya147-ml/ViViT-GABRIL-Atari/runs/0e83f63e923d,finished,2026-03-13T12:17:30Z,8-seed,Alien,FactorizedViViT,True,105,0.5,,,mean_then_kl,gabril,500,742,87.6,52.3,499
FactorizedViViT_Alien_seed-106_e565072a8ffa_20260305-220354,e565072a8ffa,https://wandb.ai/papaya147-ml/ViViT-GABRIL-Atari/runs/e565072a8ffa,finished,2026-03-04T02:06:24Z,8-seed,Alien,FactorizedViViT,False,106,0.5,,,kl_then_mean,gabril,500,1431.1,1462.4,1521.8,499
FactorizedViViT_NoGaze_Alien_seed-106_f8ddbbbba3c6_20260315-113718,f8ddbbbba3c6,https://wandb.ai/papaya147-ml/ViViT-GABRIL-Atari/runs/f8ddbbbba3c6,finished,2026-03-13T12:49:09Z,8-seed,Alien,FactorizedViViT,True,106,0.5,,,mean_then_kl,gabril,500,961.8,987.4,1190.6,499
FactorizedViViT_Alien_seed-107_3f62160f12ff_20260305-230922,3f62160f12ff,https://wandb.ai/papaya147-ml/ViViT-GABRIL-Atari/runs/3f62160f12ff,finished,2026-03-04T02:06:24Z,8-seed,Alien,FactorizedViViT,False,107,0.5,,,kl_then_mean,gabril,500,1499.7,1500.4,1399.7,499
FactorizedViViT_NoGaze_Alien_seed-107_e29a987343fc_20260315-114456,e29a987343fc,https://wandb.ai/papaya147-ml/ViViT-GABRIL-Atari/runs/e29a987343fc,finished,2026-03-13T17:04:10Z,8-seed,Alien,FactorizedViViT,True,107,0.5,,,mean_then_kl,gabril,500,336.1,319.4,251.9,499
AuxGazeFactorizedViViT_Alien_seed-42_5974873a1926_20260225-233204,5974873a1926,https://wandb.ai/papaya147-ml/ViViT-GABRIL-Atari/runs/5974873a1926,finished,2026-02-26T07:32:06Z,single-seed,Alien,AuxGazeFactorizedViViT,False,42,0.5,,,kl_then_mean,gabril,500,1690.9,1366.2,1450.7,499
AuxGazeFactorizedViViT_Alien_seed-42_e693797bbb63_20260302-172752,e693797bbb63_new,https://wandb.ai/papaya147-ml/ViViT-GABRIL-Atari/runs/e693797bbb63_new,crashed,2026-03-03T01:27:55Z,single-seed,Alien,AuxGazeFactorizedViViT,False,42,0.5,,,mean_then_kl,gabril,500,,,1033.7,429
FactorizedViViT_Alien_seed-42_9cdba493799e_20260227-160329,9cdba493799e,https://wandb.ai/papaya147-ml/ViViT-GABRIL-Atari/runs/9cdba493799e,finished,2026-02-26T07:05:39Z,single-seed,Alien,FactorizedViViT,False,42,0.5,,,mean_then_kl,gabril,500,1363.6,1550.5,1482.6,499
FactorizedViViT_Alien_seed-42_65011f59a030_20260225-230824,65011f59a030,https://wandb.ai/papaya147-ml/ViViT-GABRIL-Atari/runs/65011f59a030,finished,2026-02-26T07:08:25Z,single-seed,Alien,FactorizedViViT,False,42,0.5,,,kl_then_mean,gabril,500,1450.1,1485,1221.3,499
AuxGazeFactorizedViViT_Asterix_seed-100_7ec6f2770629_new_20260308-072526,7ec6f2770629_new,https://wandb.ai/papaya147-ml/ViViT-GABRIL-Atari/runs/7ec6f2770629_new,finished,2026-03-07T04:52:50Z,8-seed,Asterix,AuxGazeFactorizedViViT,False,100,0.5,,,kl_then_mean,gabril,500,1350,1411,1370,499
AuxGazeFactorizedViViT_NoGaze_Asterix_seed-100_88a15e4a06b0_20260315-180156,88a15e4a06b0,https://wandb.ai/papaya147-ml/ViViT-GABRIL-Atari/runs/88a15e4a06b0,finished,2026-03-14T01:00:41Z,8-seed,Asterix,AuxGazeFactorizedViViT,True,100,0.5,,,mean_then_kl,gabril,500,200,200,200,499
AuxGazeFactorizedViViT_Asterix_seed-101_48ce86dcdb07_new_20260308-073629,48ce86dcdb07_new,https://wandb.ai/papaya147-ml/ViViT-GABRIL-Atari/runs/48ce86dcdb07_new,finished,2026-03-07T04:56:28Z,8-seed,Asterix,AuxGazeFactorizedViViT,False,101,0.5,,,kl_then_mean,gabril,500,837,937.5,918.5,499
AuxGazeFactorizedViViT_NoGaze_Asterix_seed-101_457c8e1abe6c_20260315-181611,457c8e1abe6c,https://wandb.ai/papaya147-ml/ViViT-GABRIL-Atari/runs/457c8e1abe6c,finished,2026-03-14T02:00:14Z,8-seed,Asterix,AuxGazeFactorizedViViT,True,101,0.5,,,mean_then_kl,gabril,500,200,200,200,499
AuxGazeFactorizedViViT_Asterix_seed-102_83f5677cb3ac_new_20260308-073831,83f5677cb3ac_new,https://wandb.ai/papaya147-ml/ViViT-GABRIL-Atari/runs/83f5677cb3ac_new,finished,2026-03-07T05:06:59Z,8-seed,Asterix,AuxGazeFactorizedViViT,False,102,0.5,,,kl_then_mean,gabril,500,911.5,1005,932.5,499
AuxGazeFactorizedViViT_NoGaze_Asterix_seed-102_cbe953ab58ae_20260315-182915,cbe953ab58ae,https://wandb.ai/papaya147-ml/ViViT-GABRIL-Atari/runs/cbe953ab58ae,finished,2026-03-14T05:23:21Z,8-seed,Asterix,AuxGazeFactorizedViViT,True,102,0.5,,,mean_then_kl,gabril,500,200,200,200,499
AuxGazeFactorizedViViT_Asterix_seed-103_604e2c34e278_new_20260308-074431,604e2c34e278_new,https://wandb.ai/papaya147-ml/ViViT-GABRIL-Atari/runs/604e2c34e278_new,finished,2026-03-07T05:09:31Z,8-seed,Asterix,AuxGazeFactorizedViViT,False,103,0.5,,,kl_then_mean,gabril,500,958.5,883.5,971.5,499
AuxGazeFactorizedViViT_NoGaze_Asterix_seed-103_52a80f5e2719_20260315-182944,52a80f5e2719,https://wandb.ai/papaya147-ml/ViViT-GABRIL-Atari/runs/52a80f5e2719,finished,2026-03-14T05:23:21Z,8-seed,Asterix,AuxGazeFactorizedViViT,True,103,0.5,,,mean_then_kl,gabril,500,200,200,200,499
AuxGazeFactorizedViViT_Asterix_seed-104_172bff6d3b09_new_20260308-075208,172bff6d3b09_new,https://wandb.ai/papaya147-ml/ViViT-GABRIL-Atari/runs/172bff6d3b09_new,finished,2026-03-07T05:11:03Z,8-seed,Asterix,AuxGazeFactorizedViViT,False,104,0.5,,,kl_then_mean,gabril,500,767.5,919,944.5,499
AuxGazeFactorizedViViT_NoGaze_Asterix_seed-104_56ae8ea1d6f7_20260315-183344,56ae8ea1d6f7,https://wandb.ai/papaya147-ml/ViViT-GABRIL-Atari/runs/56ae8ea1d6f7,finished,2026-03-14T08:45:53Z,8-seed,Asterix,AuxGazeFactorizedViViT,True,104,0.5,,,mean_then_kl,gabril,500,200,200,200,499
AuxGazeFactorizedViViT_Asterix_seed-105_49bc746c6b69_new_20260308-080009,49bc746c6b69_new,https://wandb.ai/papaya147-ml/ViViT-GABRIL-Atari/runs/49bc746c6b69_new,finished,2026-03-07T05:11:38Z,8-seed,Asterix,AuxGazeFactorizedViViT,False,105,0.5,,,kl_then_mean,gabril,500,1056,1142.5,1028.5,499
AuxGazeFactorizedViViT_NoGaze_Asterix_seed-105_aa8272335d7a_20260315-183347,aa8272335d7a,https://wandb.ai/papaya147-ml/ViViT-GABRIL-Atari/runs/aa8272335d7a,finished,2026-03-14T08:53:31Z,8-seed,Asterix,AuxGazeFactorizedViViT,True,105,0.5,,,mean_then_kl,gabril,500,200,200,200,499
AuxGazeFactorizedViViT_Asterix_seed-106_c4630a48f69a_new_20260308-080113,c4630a48f69a_new,https://wandb.ai/papaya147-ml/ViViT-GABRIL-Atari/runs/c4630a48f69a_new,finished,2026-03-07T05:12:32Z,8-seed,Asterix,AuxGazeFactorizedViViT,False,106,0.5,,,kl_then_mean,gabril,500,914,865.5,843,499
AuxGazeFactorizedViViT_NoGaze_Asterix_seed-106_e518d274af36_20260315-183923,e518d274af36,https://wandb.ai/papaya147-ml/ViViT-GABRIL-Atari/runs/e518d274af36,finished,2026-03-14T09:29:48Z,8-seed,Asterix,AuxGazeFactorizedViViT,True,106,0.5,,,mean_then_kl,gabril,500,200,200,200,499
AuxGazeFactorizedViViT_Asterix_seed-107_0ae6ea5f7642_new_20260308-080915,0ae6ea5f7642_new,https://wandb.ai/papaya147-ml/ViViT-GABRIL-Atari/runs/0ae6ea5f7642_new,finished,2026-03-07T05:52:34Z,8-seed,Asterix,AuxGazeFactorizedViViT,False,107,0.5,,,kl_then_mean,gabril,500,795.5,823,930,499
AuxGazeFactorizedViViT_NoGaze_Asterix_seed-107_0621ff2a234f_20260315-184356,0621ff2a234f,https://wandb.ai/papaya147-ml/ViViT-GABRIL-Atari/runs/0621ff2a234f,finished,2026-03-14T09:29:49Z,8-seed,Asterix,AuxGazeFactorizedViViT,True,107,0.5,,,mean_then_kl,gabril,500,200,200,200,499
FactorizedViViT_Asterix_seed-100_6a01e759e90c_new_20260308-010623,6a01e759e90c_new,https://wandb.ai/papaya147-ml/ViViT-GABRIL-Atari/runs/6a01e759e90c_new,finished,2026-03-07T04:17:30Z,8-seed,Asterix,FactorizedViViT,False,100,0.5,,,kl_then_mean,gabril,500,856,877.5,744,499
FactorizedViViT_NoGaze_Asterix_seed-100_5ac3ae4bceb4_20260315-155026,5ac3ae4bceb4,https://wandb.ai/papaya147-ml/ViViT-GABRIL-Atari/runs/5ac3ae4bceb4,finished,2026-03-13T22:00:23Z,8-seed,Asterix,FactorizedViViT,True,100,0.5,,,mean_then_kl,gabril,500,200,200,200,499
FactorizedViViT_Asterix_seed-101_5a4564fb67d2_new_20260308-010642,5a4564fb67d2_new,https://wandb.ai/papaya147-ml/ViViT-GABRIL-Atari/runs/5a4564fb67d2_new,finished,2026-03-07T04:17:26Z,8-seed,Asterix,FactorizedViViT,False,101,0.5,,,kl_then_mean,gabril,500,959.5,1095.5,1013,499
FactorizedViViT_NoGaze_Asterix_seed-101_de6dbd91cb1e_20260315-160004,de6dbd91cb1e,https://wandb.ai/papaya147-ml/ViViT-GABRIL-Atari/runs/de6dbd91cb1e,finished,2026-03-13T22:09:29Z,8-seed,Asterix,FactorizedViViT,True,101,0.5,,,mean_then_kl,gabril,500,200,200,200,499
FactorizedViViT_Asterix_seed-102_9713a74e9742_new_20260308-011519,9713a74e9742_new,https://wandb.ai/papaya147-ml/ViViT-GABRIL-Atari/runs/9713a74e9742_new,finished,2026-03-07T04:17:26Z,8-seed,Asterix,FactorizedViViT,False,102,0.5,,,kl_then_mean,gabril,500,1247,1118.5,1183,499
FactorizedViViT_NoGaze_Asterix_seed-102_743a1f52e2c8_20260315-160943,743a1f52e2c8,https://wandb.ai/papaya147-ml/ViViT-GABRIL-Atari/runs/743a1f52e2c8,finished,2026-03-13T22:19:39Z,8-seed,Asterix,FactorizedViViT,True,102,0.5,,,mean_then_kl,gabril,500,200,200,200,499
FactorizedViViT_Asterix_seed-103_247233729d13_new_20260308-012455,247233729d13_new,https://wandb.ai/papaya147-ml/ViViT-GABRIL-Atari/runs/247233729d13_new,finished,2026-03-07T04:17:25Z,8-seed,Asterix,FactorizedViViT,False,103,0.5,,,kl_then_mean,gabril,500,865,947.5,987,499
FactorizedViViT_NoGaze_Asterix_seed-103_653b0a179d12_20260315-170941,653b0a179d12,https://wandb.ai/papaya147-ml/ViViT-GABRIL-Atari/runs/653b0a179d12,finished,2026-03-13T22:36:22Z,8-seed,Asterix,FactorizedViViT,True,103,0.5,,,mean_then_kl,gabril,500,200,200,200,499
FactorizedViViT_Asterix_seed-104_a37cff8cbc53_new_20260308-044417,a37cff8cbc53_new,https://wandb.ai/papaya147-ml/ViViT-GABRIL-Atari/runs/a37cff8cbc53_new,finished,2026-03-07T04:17:29Z,8-seed,Asterix,FactorizedViViT,False,104,0.5,,,kl_then_mean,gabril,500,740.5,780,737,499
FactorizedViViT_NoGaze_Asterix_seed-104_3bb11ee14966_20260315-171948,3bb11ee14966,https://wandb.ai/papaya147-ml/ViViT-GABRIL-Atari/runs/3bb11ee14966,finished,2026-03-13T22:41:34Z,8-seed,Asterix,FactorizedViViT,True,104,0.5,,,mean_then_kl,gabril,500,200,200,200,499
FactorizedViViT_Asterix_seed-105_76b7c5885d6d_new_20260308-053845,76b7c5885d6d_new,https://wandb.ai/papaya147-ml/ViViT-GABRIL-Atari/runs/76b7c5885d6d_new,finished,2026-03-07T04:17:28Z,8-seed,Asterix,FactorizedViViT,False,105,0.5,,,kl_then_mean,gabril,500,1144.5,1051.5,1260.5,499
FactorizedViViT_NoGaze_Asterix_seed-105_df2717d6bfd5_20260315-172926,df2717d6bfd5,https://wandb.ai/papaya147-ml/ViViT-GABRIL-Atari/runs/df2717d6bfd5,finished,2026-03-13T23:30:17Z,8-seed,Asterix,FactorizedViViT,True,105,0.5,,,mean_then_kl,gabril,500,200,200,200,499
FactorizedViViT_Asterix_seed-106_7c1ff47882c0_new_20260308-054456,7c1ff47882c0_new,https://wandb.ai/papaya147-ml/ViViT-GABRIL-Atari/runs/7c1ff47882c0_new,finished,2026-03-07T04:28:13Z,8-seed,Asterix,FactorizedViViT,False,106,0.5,,,kl_then_mean,gabril,500,1335.5,1286.5,1466,499
FactorizedViViT_NoGaze_Asterix_seed-106_1b959e7d5055_20260315-173905,1b959e7d5055,https://wandb.ai/papaya147-ml/ViViT-GABRIL-Atari/runs/1b959e7d5055,finished,2026-03-13T23:53:13Z,8-seed,Asterix,FactorizedViViT,True,106,0.5,,,mean_then_kl,gabril,500,200,200,200,499
FactorizedViViT_Asterix_seed-107_6792e2eeb32c_new_20260308-072208,6792e2eeb32c_new,https://wandb.ai/papaya147-ml/ViViT-GABRIL-Atari/runs/6792e2eeb32c_new,finished,2026-03-07T04:47:50Z,8-seed,Asterix,FactorizedViViT,False,107,0.5,,,kl_then_mean,gabril,500,514,505.5,500,499
FactorizedViViT_NoGaze_Asterix_seed-107_c3c9fd3de880_20260315-174843,c3c9fd3de880,https://wandb.ai/papaya147-ml/ViViT-GABRIL-Atari/runs/c3c9fd3de880,finished,2026-03-14T00:47:36Z,8-seed,Asterix,FactorizedViViT,True,107,0.5,,,mean_then_kl,gabril,500,200,200,200,499
AuxGazeFactorizedViViT_Asterix_seed-42_1f69d38cc28f_20260227-143151,1f69d38cc28f,https://wandb.ai/papaya147-ml/ViViT-GABRIL-Atari/runs/1f69d38cc28f,finished,2026-02-26T06:29:24Z,single-seed,Asterix,AuxGazeFactorizedViViT,False,42,0.5,,,mean_then_kl,gabril,500,1502,1614,1601,499
AuxGazeFactorizedViViT_Asterix_seed-42_fd42ce2954b5_20260227-143154,fd42ce2954b5,https://wandb.ai/papaya147-ml/ViViT-GABRIL-Atari/runs/fd42ce2954b5,finished,2026-02-26T06:29:57Z,single-seed,Asterix,AuxGazeFactorizedViViT,False,42,0.5,,,kl_then_mean,gabril,500,958.5,1000,944,499
FactorizedViViT_Asterix_seed-42_bbce18932c78_20260227-132337,bbce18932c78,https://wandb.ai/papaya147-ml/ViViT-GABRIL-Atari/runs/bbce18932c78,finished,2026-02-26T05:02:59Z,single-seed,Asterix,FactorizedViViT,False,42,0.5,,,mean_then_kl,gabril,500,795.5,857,857.5,499
FactorizedViViT_Asterix_seed-42_d9f61e699e6a_20260227-132710,d9f61e699e6a,https://wandb.ai/papaya147-ml/ViViT-GABRIL-Atari/runs/d9f61e699e6a,finished,2026-02-26T06:01:37Z,single-seed,Asterix,FactorizedViViT,False,42,0.5,,,kl_then_mean,gabril,500,1605.5,1467.5,1389.5,499
AuxGazeFactorizedViViT_Breakout_seed-100_089833f957a9_new_20260308-120132,089833f957a9_new,https://wandb.ai/papaya147-ml/ViViT-GABRIL-Atari/runs/089833f957a9_new,finished,2026-03-08T19:01:34Z,8-seed,Breakout,AuxGazeFactorizedViViT,False,100,0.5,,,kl_then_mean,gabril,500,24.33,24.51,24.83,499
AuxGazeFactorizedViViT_NoGaze_Breakout_seed-100_6c8ba3b1011f_20260315-215958,6c8ba3b1011f,https://wandb.ai/papaya147-ml/ViViT-GABRIL-Atari/runs/6c8ba3b1011f,finished,2026-03-14T12:26:50Z,8-seed,Breakout,AuxGazeFactorizedViViT,True,100,0.5,,,mean_then_kl,gabril,500,0.04,0.04,0.04,499
AuxGazeFactorizedViViT_Breakout_seed-101_cd73e62bd7d7_new_20260308-125440,cd73e62bd7d7_new,https://wandb.ai/papaya147-ml/ViViT-GABRIL-Atari/runs/cd73e62bd7d7_new,finished,2026-03-08T19:54:42Z,8-seed,Breakout,AuxGazeFactorizedViViT,False,101,0.5,,,kl_then_mean,gabril,500,25,25.56,24.17,499
AuxGazeFactorizedViViT_NoGaze_Breakout_seed-101_409ed333d9ff_20260315-224052,409ed333d9ff,https://wandb.ai/papaya147-ml/ViViT-GABRIL-Atari/runs/409ed333d9ff,finished,2026-03-14T12:26:59Z,8-seed,Breakout,AuxGazeFactorizedViViT,True,101,0.5,,,mean_then_kl,gabril,500,0.02,0.02,0.02,499
AuxGazeFactorizedViViT_Breakout_seed-102_c1d884d2e435_new_20260308-125519,c1d884d2e435_new,https://wandb.ai/papaya147-ml/ViViT-GABRIL-Atari/runs/c1d884d2e435_new,finished,2026-03-08T19:55:21Z,8-seed,Breakout,AuxGazeFactorizedViViT,False,102,0.5,,,kl_then_mean,gabril,500,27.5,22.06,22.78,499
AuxGazeFactorizedViViT_NoGaze_Breakout_seed-102_bae4dbfef4cc_20260315-224453,bae4dbfef4cc,https://wandb.ai/papaya147-ml/ViViT-GABRIL-Atari/runs/bae4dbfef4cc,finished,2026-03-14T12:26:59Z,8-seed,Breakout,AuxGazeFactorizedViViT,True,102,0.5,,,mean_then_kl,gabril,500,0,0,0,499
AuxGazeFactorizedViViT_Breakout_seed-103_b74d0acda69e_new_20260308-131914,b74d0acda69e_new,https://wandb.ai/papaya147-ml/ViViT-GABRIL-Atari/runs/b74d0acda69e_new,finished,2026-03-08T20:19:17Z,8-seed,Breakout,AuxGazeFactorizedViViT,False,103,0.5,,,kl_then_mean,gabril,500,25.57,27.32,27.48,499
AuxGazeFactorizedViViT_NoGaze_Breakout_seed-103_3dd329afaf87_20260315-224524,3dd329afaf87,https://wandb.ai/papaya147-ml/ViViT-GABRIL-Atari/runs/3dd329afaf87,finished,2026-03-14T12:27:41Z,8-seed,Breakout,AuxGazeFactorizedViViT,True,103,0.5,,,mean_then_kl,gabril,500,0,0,0,499
AuxGazeFactorizedViViT_Breakout_seed-104_566c9f93c1e0_new_20260308-132158,566c9f93c1e0_new,https://wandb.ai/papaya147-ml/ViViT-GABRIL-Atari/runs/566c9f93c1e0_new,finished,2026-03-08T20:21:59Z,8-seed,Breakout,AuxGazeFactorizedViViT,False,104,0.5,,,kl_then_mean,gabril,500,31.81,30.61,29.24,499
AuxGazeFactorizedViViT_NoGaze_Breakout_seed-104_3ad6f7ed80f4_20260315-224627,3ad6f7ed80f4,https://wandb.ai/papaya147-ml/ViViT-GABRIL-Atari/runs/3ad6f7ed80f4,finished,2026-03-14T13:23:32Z,8-seed,Breakout,AuxGazeFactorizedViViT,True,104,0.5,,,mean_then_kl,gabril,500,0,0,0,499
AuxGazeFactorizedViViT_Breakout_seed-105_c611e5a7106e_new_20260308-134537,c611e5a7106e_new,https://wandb.ai/papaya147-ml/ViViT-GABRIL-Atari/runs/c611e5a7106e_new,finished,2026-03-08T20:45:39Z,8-seed,Breakout,AuxGazeFactorizedViViT,False,105,0.5,,,kl_then_mean,gabril,500,23.88,23.27,25.12,499
AuxGazeFactorizedViViT_NoGaze_Breakout_seed-105_3ce2f0fa7cab_20260315-225704,3ce2f0fa7cab,https://wandb.ai/papaya147-ml/ViViT-GABRIL-Atari/runs/3ce2f0fa7cab,finished,2026-03-14T14:26:23Z,8-seed,Breakout,AuxGazeFactorizedViViT,True,105,0.5,,,mean_then_kl,gabril,500,0.04,0.04,0.04,499
AuxGazeFactorizedViViT_Breakout_seed-106_751b2aa779ae_new_20260308-134543,751b2aa779ae_new,https://wandb.ai/papaya147-ml/ViViT-GABRIL-Atari/runs/751b2aa779ae_new,finished,2026-03-08T20:45:45Z,8-seed,Breakout,AuxGazeFactorizedViViT,False,106,0.5,,,kl_then_mean,gabril,500,22.55,24.89,22.67,499
AuxGazeFactorizedViViT_NoGaze_Breakout_seed-106_79e94c061cad_20260315-231143,79e94c061cad,https://wandb.ai/papaya147-ml/ViViT-GABRIL-Atari/runs/79e94c061cad,finished,2026-03-14T15:01:53Z,8-seed,Breakout,AuxGazeFactorizedViViT,True,106,0.5,,,mean_then_kl,gabril,500,0,0,0,499
AuxGazeFactorizedViViT_Breakout_seed-107_8ef97d6e2756_new_20260308-134810,8ef97d6e2756_new,https://wandb.ai/papaya147-ml/ViViT-GABRIL-Atari/runs/8ef97d6e2756_new,finished,2026-03-08T20:48:11Z,8-seed,Breakout,AuxGazeFactorizedViViT,False,107,0.5,,,kl_then_mean,gabril,500,26.32,26.92,25.7,499
AuxGazeFactorizedViViT_NoGaze_Breakout_seed-107_c26dd2fff3d8_20260315-231512,c26dd2fff3d8,https://wandb.ai/papaya147-ml/ViViT-GABRIL-Atari/runs/c26dd2fff3d8,finished,2026-03-14T17:04:53Z,8-seed,Breakout,AuxGazeFactorizedViViT,True,107,0.5,,,mean_then_kl,gabril,500,0,0,0,499
FactorizedViViT_Breakout_seed-100_5b01ef38d4dc_new_20260308-094747,5b01ef38d4dc_new,https://wandb.ai/papaya147-ml/ViViT-GABRIL-Atari/runs/5b01ef38d4dc_new,finished,2026-03-08T16:47:49Z,8-seed,Breakout,FactorizedViViT,False,100,0.5,,,kl_then_mean,gabril,500,26.25,24.72,24.52,499
FactorizedViViT_NoGaze_Breakout_seed-100_b50394e52023_20260315-192251,b50394e52023,https://wandb.ai/papaya147-ml/ViViT-GABRIL-Atari/runs/b50394e52023,finished,2026-03-14T09:33:18Z,8-seed,Breakout,FactorizedViViT,True,100,0.5,,,mean_then_kl,gabril,500,0.04,0.04,0.04,499
FactorizedViViT_Breakout_seed-101_dd1527880b13_new_20260308-094918,dd1527880b13_new,https://wandb.ai/papaya147-ml/ViViT-GABRIL-Atari/runs/dd1527880b13_new,finished,2026-03-08T16:49:20Z,8-seed,Breakout,FactorizedViViT,False,101,0.5,,,kl_then_mean,gabril,500,24.28,22.56,22.41,499
FactorizedViViT_NoGaze_Breakout_seed-101_0b38d85431fd_20260315-195409,0b38d85431fd,https://wandb.ai/papaya147-ml/ViViT-GABRIL-Atari/runs/0b38d85431fd,finished,2026-03-14T09:44:30Z,8-seed,Breakout,FactorizedViViT,True,101,0.5,,,mean_then_kl,gabril,500,0.02,0.02,0.02,499
FactorizedViViT_Breakout_seed-102_c7b5e40e5615_new_20260308-100955,c7b5e40e5615_new,https://wandb.ai/papaya147-ml/ViViT-GABRIL-Atari/runs/c7b5e40e5615_new,finished,2026-03-08T17:09:56Z,8-seed,Breakout,FactorizedViViT,False,102,0.5,,,kl_then_mean,gabril,500,23.09,26.77,25.45,499
FactorizedViViT_NoGaze_Breakout_seed-102_17ef1d38ece9_20260315-204035,17ef1d38ece9,https://wandb.ai/papaya147-ml/ViViT-GABRIL-Atari/runs/17ef1d38ece9,finished,2026-03-14T09:44:33Z,8-seed,Breakout,FactorizedViViT,True,102,0.5,,,mean_then_kl,gabril,500,1.76,1.73,1.68,499
FactorizedViViT_Breakout_seed-103_aa0b7dcbc4ca_new_20260308-101029,aa0b7dcbc4ca_new,https://wandb.ai/papaya147-ml/ViViT-GABRIL-Atari/runs/aa0b7dcbc4ca_new,finished,2026-03-08T17:10:31Z,8-seed,Breakout,FactorizedViViT,False,103,0.5,,,kl_then_mean,gabril,500,24.11,24.13,23.27,499
FactorizedViViT_NoGaze_Breakout_seed-103_b0c1d8dba713_20260315-204338,b0c1d8dba713,https://wandb.ai/papaya147-ml/ViViT-GABRIL-Atari/runs/b0c1d8dba713,finished,2026-03-14T10:39:33Z,8-seed,Breakout,FactorizedViViT,True,103,0.5,,,mean_then_kl,gabril,500,0,0,0,499
FactorizedViViT_Breakout_seed-104_ef82caf5c426_new_20260308-105413,ef82caf5c426_new,https://wandb.ai/papaya147-ml/ViViT-GABRIL-Atari/runs/ef82caf5c426_new,finished,2026-03-08T17:54:15Z,8-seed,Breakout,FactorizedViViT,False,104,0.5,,,kl_then_mean,gabril,500,21.01,21.63,22.52,499
FactorizedViViT_NoGaze_Breakout_seed-104_4785f5696d76_20260315-212032,4785f5696d76,https://wandb.ai/papaya147-ml/ViViT-GABRIL-Atari/runs/4785f5696d76,finished,2026-03-14T11:37:25Z,8-seed,Breakout,FactorizedViViT,True,104,0.5,,,mean_then_kl,gabril,500,0,0,0,499
FactorizedViViT_Breakout_seed-105_d7be24a46a5d_new_20260308-112436,d7be24a46a5d_new,https://wandb.ai/papaya147-ml/ViViT-GABRIL-Atari/runs/d7be24a46a5d_new,finished,2026-03-08T18:24:37Z,8-seed,Breakout,FactorizedViViT,False,105,0.5,,,kl_then_mean,gabril,500,27.74,26.5,26.07,499
FactorizedViViT_NoGaze_Breakout_seed-105_58303de7012f_20260315-215726,58303de7012f,https://wandb.ai/papaya147-ml/ViViT-GABRIL-Atari/runs/58303de7012f,finished,2026-03-14T12:17:11Z,8-seed,Breakout,FactorizedViViT,True,105,0.5,,,mean_then_kl,gabril,500,0.04,0.04,0.04,499
FactorizedViViT_Breakout_seed-106_ace9bdc572a8_new_20260308-112809,ace9bdc572a8_new,https://wandb.ai/papaya147-ml/ViViT-GABRIL-Atari/runs/ace9bdc572a8_new,finished,2026-03-08T18:28:11Z,8-seed,Breakout,FactorizedViViT,False,106,0.5,,,kl_then_mean,gabril,500,28.11,26.93,25.1,499
FactorizedViViT_NoGaze_Breakout_seed-106_529104087dd9_20260315-215725,529104087dd9,https://wandb.ai/papaya147-ml/ViViT-GABRIL-Atari/runs/529104087dd9,finished,2026-03-14T12:17:42Z,8-seed,Breakout,FactorizedViViT,True,106,0.5,,,mean_then_kl,gabril,500,0,0,0,499
FactorizedViViT_Breakout_seed-107_4efcb9ec8f4b_new_20260308-120125,4efcb9ec8f4b_new,https://wandb.ai/papaya147-ml/ViViT-GABRIL-Atari/runs/4efcb9ec8f4b_new,finished,2026-03-08T19:01:27Z,8-seed,Breakout,FactorizedViViT,False,107,0.5,,,kl_then_mean,gabril,500,21.38,24.07,25.51,499
FactorizedViViT_NoGaze_Breakout_seed-107_98a5f4626856_20260315-215724,98a5f4626856,https://wandb.ai/papaya147-ml/ViViT-GABRIL-Atari/runs/98a5f4626856,finished,2026-03-14T12:26:51Z,8-seed,Breakout,FactorizedViViT,True,107,0.5,,,mean_then_kl,gabril,500,0,0,0,499
AuxGazeFactorizedViViT_Breakout_seed-100_1c5cf88e5011_new2_20260405-131753,1c5cf88e5011_new2,https://wandb.ai/papaya147-ml/ViViT-GABRIL-Atari/runs/1c5cf88e5011_new2,finished,2026-04-01T15:48:50Z,ablation,Breakout,AuxGazeFactorizedViViT,False,100,0.5,all,half,kl_then_mean,gabril,500,8.12,8.23,8.9,499
AuxGazeFactorizedViViT_Breakout_seed-100_111cfd9fefaa_new2_20260405-162345,111cfd9fefaa_new2,https://wandb.ai/papaya147-ml/ViViT-GABRIL-Atari/runs/111cfd9fefaa_new2,finished,2026-04-01T15:48:54Z,ablation,Breakout,AuxGazeFactorizedViViT,False,100,0.5,first,half,kl_then_mean,gabril,500,0.04,0.04,0.04,499
AuxGazeFactorizedViViT_Breakout_seed-100_3e8899b38219_new2_20260405-193339,3e8899b38219_new2,https://wandb.ai/papaya147-ml/ViViT-GABRIL-Atari/runs/3e8899b38219_new2,finished,2026-04-01T19:14:48Z,ablation,Breakout,AuxGazeFactorizedViViT,False,100,0.5,last,half,kl_then_mean,gabril,500,12.06,15.31,13.44,499
AuxGazeFactorizedViViT_Breakout_seed-100_a232df716b9c_new2_20260405-234032,a232df716b9c_new2,https://wandb.ai/papaya147-ml/ViViT-GABRIL-Atari/runs/a232df716b9c_new2,finished,2026-04-02T14:26:08Z,ablation,Breakout,AuxGazeFactorizedViViT,False,100,0.5,all,all,kl_then_mean,gabril,500,5.17,6.46,5.99,499
AuxGazeFactorizedViViT_Breakout_seed-100_fd9f18ffdfc5_new2_20260406-002302,fd9f18ffdfc5_new2,https://wandb.ai/papaya147-ml/ViViT-GABRIL-Atari/runs/fd9f18ffdfc5_new2,finished,2026-04-02T14:28:16Z,ablation,Breakout,AuxGazeFactorizedViViT,False,100,0.5,first,all,kl_then_mean,gabril,500,0.04,0.04,0.04,499
AuxGazeFactorizedViViT_Breakout_seed-101_215b0dfe58aa_new2_20260405-131753,215b0dfe58aa_new2,https://wandb.ai/papaya147-ml/ViViT-GABRIL-Atari/runs/215b0dfe58aa_new2,finished,2026-04-01T15:48:50Z,ablation,Breakout,AuxGazeFactorizedViViT,False,101,0.5,all,half,kl_then_mean,gabril,500,10.89,9.97,9.18,499
AuxGazeFactorizedViViT_Breakout_seed-101_edbcf2a5421a_new2_20260405-165254,edbcf2a5421a_new2,https://wandb.ai/papaya147-ml/ViViT-GABRIL-Atari/runs/edbcf2a5421a_new2,finished,2026-04-01T15:48:54Z,ablation,Breakout,AuxGazeFactorizedViViT,False,101,0.5,first,half,kl_then_mean,gabril,500,0.02,0.02,0.02,499
AuxGazeFactorizedViViT_Breakout_seed-101_7d182049494a_new2_20260405-195911,7d182049494a_new2,https://wandb.ai/papaya147-ml/ViViT-GABRIL-Atari/runs/7d182049494a_new2,finished,2026-04-01T19:14:48Z,ablation,Breakout,AuxGazeFactorizedViViT,False,101,0.5,last,half,kl_then_mean,gabril,500,11.61,11.65,13.87,499
AuxGazeFactorizedViViT_Breakout_seed-101_3cdd4525393e_new2_20260405-234130,3cdd4525393e_new2,https://wandb.ai/papaya147-ml/ViViT-GABRIL-Atari/runs/3cdd4525393e_new2,finished,2026-04-02T14:26:09Z,ablation,Breakout,AuxGazeFactorizedViViT,False,101,0.5,all,all,kl_then_mean,gabril,500,5.44,4.67,5.02,499
AuxGazeFactorizedViViT_Breakout_seed-101_56d9a58f33cd_new2_20260406-002404,56d9a58f33cd_new2,https://wandb.ai/papaya147-ml/ViViT-GABRIL-Atari/runs/56d9a58f33cd_new2,finished,2026-04-02T14:28:16Z,ablation,Breakout,AuxGazeFactorizedViViT,False,101,0.5,first,all,kl_then_mean,gabril,500,0.02,0.02,0.02,499
AuxGazeFactorizedViViT_Breakout_seed-102_5a45b1c82e6f_new2_20260405-135004,5a45b1c82e6f_new2,https://wandb.ai/papaya147-ml/ViViT-GABRIL-Atari/runs/5a45b1c82e6f_new2,finished,2026-04-01T15:48:50Z,ablation,Breakout,AuxGazeFactorizedViViT,False,102,0.5,all,half,kl_then_mean,gabril,500,6.75,7.72,6.42,499
AuxGazeFactorizedViViT_Breakout_seed-102_5ff46ab58165_new2_20260405-174743,5ff46ab58165_new2,https://wandb.ai/papaya147-ml/ViViT-GABRIL-Atari/runs/5ff46ab58165_new2,finished,2026-04-01T15:48:54Z,ablation,Breakout,AuxGazeFactorizedViViT,False,102,0.5,first,half,kl_then_mean,gabril,500,0,0,0,499
AuxGazeFactorizedViViT_Breakout_seed-102_f27d1e9ed950_new2_20260405-201228,f27d1e9ed950_new2,https://wandb.ai/papaya147-ml/ViViT-GABRIL-Atari/runs/f27d1e9ed950_new2,finished,2026-04-01T19:14:49Z,ablation,Breakout,AuxGazeFactorizedViViT,False,102,0.5,last,half,kl_then_mean,gabril,500,16.74,17.1,16.13,499
AuxGazeFactorizedViViT_Breakout_seed-102_7358f96b1647_new2_20260406-000202,7358f96b1647_new2,https://wandb.ai/papaya147-ml/ViViT-GABRIL-Atari/runs/7358f96b1647_new2,finished,2026-04-02T14:26:08Z,ablation,Breakout,AuxGazeFactorizedViViT,False,102,0.5,all,all,kl_then_mean,gabril,500,4.61,4.71,4.96,499
AuxGazeFactorizedViViT_Breakout_seed-102_df020efb5b1e_new2_20260406-005313,df020efb5b1e_new2,https://wandb.ai/papaya147-ml/ViViT-GABRIL-Atari/runs/df020efb5b1e_new2,finished,2026-04-02T14:28:17Z,ablation,Breakout,AuxGazeFactorizedViViT,False,102,0.5,first,all,kl_then_mean,gabril,500,0,0,0,499
AuxGazeFactorizedViViT_Breakout_seed-103_3708031d384c_new2_20260405-140122,3708031d384c_new2,https://wandb.ai/papaya147-ml/ViViT-GABRIL-Atari/runs/3708031d384c_new2,finished,2026-04-01T15:48:50Z,ablation,Breakout,AuxGazeFactorizedViViT,False,103,0.5,all,half,kl_then_mean,gabril,500,13.59,13.14,12.9,499
AuxGazeFactorizedViViT_Breakout_seed-103_b97aa19f513a_new2_20260405-175900,b97aa19f513a_new2,https://wandb.ai/papaya147-ml/ViViT-GABRIL-Atari/runs/b97aa19f513a_new2,finished,2026-04-01T15:48:55Z,ablation,Breakout,AuxGazeFactorizedViViT,False,103,0.5,first,half,kl_then_mean,gabril,500,0,0,0,499
AuxGazeFactorizedViViT_Breakout_seed-103_83409a76ef0e_new2_20260405-201807,83409a76ef0e_new2,https://wandb.ai/papaya147-ml/ViViT-GABRIL-Atari/runs/83409a76ef0e_new2,finished,2026-04-01T19:14:49Z,ablation,Breakout,AuxGazeFactorizedViViT,False,103,0.5,last,half,kl_then_mean,gabril,500,8.18,7.43,7.19,499
AuxGazeFactorizedViViT_Breakout_seed-103_65d18d4c7bc6_new2_20260406-000404,65d18d4c7bc6_new2,https://wandb.ai/papaya147-ml/ViViT-GABRIL-Atari/runs/65d18d4c7bc6_new2,finished,2026-04-02T14:26:09Z,ablation,Breakout,AuxGazeFactorizedViViT,False,103,0.5,all,all,kl_then_mean,gabril,500,10.06,9.56,9.23,499
AuxGazeFactorizedViViT_Breakout_seed-103_1ccaaad74025_new2_20260406-005850,1ccaaad74025_new2,https://wandb.ai/papaya147-ml/ViViT-GABRIL-Atari/runs/1ccaaad74025_new2,finished,2026-04-02T14:28:17Z,ablation,Breakout,AuxGazeFactorizedViViT,False,103,0.5,first,all,kl_then_mean,gabril,500,0,0,0,499
AuxGazeFactorizedViViT_Breakout_seed-104_5ff1bdcccbe3_new2_20260405-144530,5ff1bdcccbe3_new2,https://wandb.ai/papaya147-ml/ViViT-GABRIL-Atari/runs/5ff1bdcccbe3_new2,finished,2026-04-01T15:48:50Z,ablation,Breakout,AuxGazeFactorizedViViT,False,104,0.5,all,half,kl_then_mean,gabril,500,4.69,6.1,4.68,499
AuxGazeFactorizedViViT_Breakout_seed-104_391d8d17c8c1_new2_20260405-182710,391d8d17c8c1_new2,https://wandb.ai/papaya147-ml/ViViT-GABRIL-Atari/runs/391d8d17c8c1_new2,finished,2026-04-01T16:34:26Z,ablation,Breakout,AuxGazeFactorizedViViT,False,104,0.5,first,half,kl_then_mean,gabril,500,0,0,0,499
AuxGazeFactorizedViViT_Breakout_seed-104_cb59fd82f84b_new2_20260405-204609,cb59fd82f84b_new2,https://wandb.ai/papaya147-ml/ViViT-GABRIL-Atari/runs/cb59fd82f84b_new2,finished,2026-04-01T19:14:49Z,ablation,Breakout,AuxGazeFactorizedViViT,False,104,0.5,last,half,kl_then_mean,gabril,500,12.47,13.95,14.79,499
AuxGazeFactorizedViViT_Breakout_seed-104_410d8b9cc518_new2_20260406-000507,410d8b9cc518_new2,https://wandb.ai/papaya147-ml/ViViT-GABRIL-Atari/runs/410d8b9cc518_new2,finished,2026-04-02T14:28:16Z,ablation,Breakout,AuxGazeFactorizedViViT,False,104,0.5,all,all,kl_then_mean,gabril,500,10.17,7.95,8.49,499
AuxGazeFactorizedViViT_Breakout_seed-104_71f0ad0946c1_new2_20260406-010325,71f0ad0946c1_new2,https://wandb.ai/papaya147-ml/ViViT-GABRIL-Atari/runs/71f0ad0946c1_new2,finished,2026-04-02T14:28:17Z,ablation,Breakout,AuxGazeFactorizedViViT,False,104,0.5,first,all,kl_then_mean,gabril,500,0,0,0,499
AuxGazeFactorizedViViT_Breakout_seed-105_15e5a61c86ae_new2_20260405-145848,15e5a61c86ae_new2,https://wandb.ai/papaya147-ml/ViViT-GABRIL-Atari/runs/15e5a61c86ae_new2,finished,2026-04-01T15:48:50Z,ablation,Breakout,AuxGazeFactorizedViViT,False,105,0.5,all,half,kl_then_mean,gabril,500,6.72,6.3,6.62,499
AuxGazeFactorizedViViT_Breakout_seed-105_1bf940775a06_new2_20260405-184938,1bf940775a06_new2,https://wandb.ai/papaya147-ml/ViViT-GABRIL-Atari/runs/1bf940775a06_new2,finished,2026-04-01T16:34:26Z,ablation,Breakout,AuxGazeFactorizedViViT,False,105,0.5,first,half,kl_then_mean,gabril,500,0.04,0.04,0.04,499
AuxGazeFactorizedViViT_Breakout_seed-105_805a0bbc8108_new2_20260405-204916,805a0bbc8108_new2,https://wandb.ai/papaya147-ml/ViViT-GABRIL-Atari/runs/805a0bbc8108_new2,finished,2026-04-01T19:14:49Z,ablation,Breakout,AuxGazeFactorizedViViT,False,105,0.5,last,half,kl_then_mean,gabril,500,7.55,7.61,8.8,499
AuxGazeFactorizedViViT_Breakout_seed-105_5ace80388a55_new2_20260406-001349,5ace80388a55_new2,https://wandb.ai/papaya147-ml/ViViT-GABRIL-Atari/runs/5ace80388a55_new2,finished,2026-04-02T14:28:16Z,ablation,Breakout,AuxGazeFactorizedViViT,False,105,0.5,all,all,kl_then_mean,gabril,500,4.55,4.9,5.06,499
AuxGazeFactorizedViViT_Breakout_seed-105_f47c25588e57_new2_20260406-010728,f47c25588e57_new2,https://wandb.ai/papaya147-ml/ViViT-GABRIL-Atari/runs/f47c25588e57_new2,finished,2026-04-02T14:28:17Z,ablation,Breakout,AuxGazeFactorizedViViT,False,105,0.5,first,all,kl_then_mean,gabril,500,0.04,0.04,0.04,499
AuxGazeFactorizedViViT_Breakout_seed-106_0514a4814f23_new2_20260405-152121,0514a4814f23_new2,https://wandb.ai/papaya147-ml/ViViT-GABRIL-Atari/runs/0514a4814f23_new2,finished,2026-04-01T15:48:50Z,ablation,Breakout,AuxGazeFactorizedViViT,False,106,0.5,all,half,kl_then_mean,gabril,500,14.72,10.17,11.36,499
AuxGazeFactorizedViViT_Breakout_seed-106_9f96a58fde7d_new2_20260405-184927,9f96a58fde7d_new2,https://wandb.ai/papaya147-ml/ViViT-GABRIL-Atari/runs/9f96a58fde7d_new2,finished,2026-04-01T16:34:26Z,ablation,Breakout,AuxGazeFactorizedViViT,False,106,0.5,first,half,kl_then_mean,gabril,500,0,0,0,499
AuxGazeFactorizedViViT_Breakout_seed-106_5d54096d6328_new2_20260405-210357,5d54096d6328_new2,https://wandb.ai/papaya147-ml/ViViT-GABRIL-Atari/runs/5d54096d6328_new2,finished,2026-04-01T19:14:49Z,ablation,Breakout,AuxGazeFactorizedViViT,False,106,0.5,last,half,kl_then_mean,gabril,500,18.62,11.61,12.2,499
AuxGazeFactorizedViViT_Breakout_seed-106_1785bd12254f_new2_20260406-010932,1785bd12254f_new2,https://wandb.ai/papaya147-ml/ViViT-GABRIL-Atari/runs/1785bd12254f_new2,finished,2026-04-02T14:28:16Z,ablation,Breakout,AuxGazeFactorizedViViT,False,106,0.5,first,all,kl_then_mean,gabril,500,0,0,0,499
AuxGazeFactorizedViViT_Breakout_seed-106_b9b1f204b39d_new2_20260406-002029,b9b1f204b39d_new2,https://wandb.ai/papaya147-ml/ViViT-GABRIL-Atari/runs/b9b1f204b39d_new2,finished,2026-04-02T14:28:16Z,ablation,Breakout,AuxGazeFactorizedViViT,False,106,0.5,all,all,kl_then_mean,gabril,500,4.35,4.49,4.57,499
AuxGazeFactorizedViViT_Breakout_seed-107_3fa300fdfd2d_new2_20260405-161909,3fa300fdfd2d_new2,https://wandb.ai/papaya147-ml/ViViT-GABRIL-Atari/runs/3fa300fdfd2d_new2,finished,2026-04-01T15:48:50Z,ablation,Breakout,AuxGazeFactorizedViViT,False,107,0.5,all,half,kl_then_mean,gabril,500,9.88,10.66,8.44,499
AuxGazeFactorizedViViT_Breakout_seed-107_376c94bfd434_new2_20260405-191648,376c94bfd434_new2,https://wandb.ai/papaya147-ml/ViViT-GABRIL-Atari/runs/376c94bfd434_new2,finished,2026-04-01T16:34:26Z,ablation,Breakout,AuxGazeFactorizedViViT,False,107,0.5,first,half,kl_then_mean,gabril,500,0,0,0,499
AuxGazeFactorizedViViT_Breakout_seed-107_a9029ea4b24c_new2_20260405-212215,a9029ea4b24c_new2,https://wandb.ai/papaya147-ml/ViViT-GABRIL-Atari/runs/a9029ea4b24c_new2,finished,2026-04-01T19:14:49Z,ablation,Breakout,AuxGazeFactorizedViViT,False,107,0.5,last,half,kl_then_mean,gabril,500,8.72,10.37,9.19,499
AuxGazeFactorizedViViT_Breakout_seed-107_b5ea4f99968c_new2_20260406-002232,b5ea4f99968c_new2,https://wandb.ai/papaya147-ml/ViViT-GABRIL-Atari/runs/b5ea4f99968c_new2,finished,2026-04-02T14:28:16Z,ablation,Breakout,AuxGazeFactorizedViViT,False,107,0.5,all,all,kl_then_mean,gabril,500,9.36,9.99,10.03,499
AuxGazeFactorizedViViT_Breakout_seed-107_73d67b583f43_new2_20260406-012419,73d67b583f43_new2,https://wandb.ai/papaya147-ml/ViViT-GABRIL-Atari/runs/73d67b583f43_new2,finished,2026-04-02T14:28:17Z,ablation,Breakout,AuxGazeFactorizedViViT,False,107,0.5,first,all,kl_then_mean,gabril,500,0,0,0,499
FactorizedViViT_Breakout_seed-100_4f91a681bd5e_new2_20260405-110439,4f91a681bd5e_new2,https://wandb.ai/papaya147-ml/ViViT-GABRIL-Atari/runs/4f91a681bd5e_new2,finished,2026-04-01T14:25:35Z,ablation,Breakout,FactorizedViViT,False,100,0.5,all,half,kl_then_mean,gabril,500,8.52,11.19,9.48,499
FactorizedViViT_Breakout_seed-100_2214f7352759_new2_20260405-114043,2214f7352759_new2,https://wandb.ai/papaya147-ml/ViViT-GABRIL-Atari/runs/2214f7352759_new2,finished,2026-04-01T14:52:23Z,ablation,Breakout,FactorizedViViT,False,100,0.5,first,half,kl_then_mean,gabril,500,0.04,0.04,0.04,499
FactorizedViViT_Breakout_seed-100_986a7c56fd50_new2_20260405-123812,986a7c56fd50_new2,https://wandb.ai/papaya147-ml/ViViT-GABRIL-Atari/runs/986a7c56fd50_new2,finished,2026-04-01T15:01:39Z,ablation,Breakout,FactorizedViViT,False,100,0.5,last,half,kl_then_mean,gabril,500,22.78,20.99,20.44,499
FactorizedViViT_Breakout_seed-100_a5ccbf1d508a_new2_20260405-212245,a5ccbf1d508a_new2,https://wandb.ai/papaya147-ml/ViViT-GABRIL-Atari/runs/a5ccbf1d508a_new2,finished,2026-04-01T19:29:38Z,ablation,Breakout,FactorizedViViT,False,100,0.5,all,all,kl_then_mean,gabril,500,7.39,7.25,7.26,499
FactorizedViViT_Breakout_seed-100_d1aabe91dec0_new2_20260405-225022,d1aabe91dec0_new2,https://wandb.ai/papaya147-ml/ViViT-GABRIL-Atari/runs/d1aabe91dec0_new2,finished,2026-04-01T19:30:50Z,ablation,Breakout,FactorizedViViT,False,100,0.5,first,all,kl_then_mean,gabril,500,0.04,0.04,0.04,499
FactorizedViViT_Breakout_seed-101_5038580a5dd3_new2_20260405-110438,5038580a5dd3_new2,https://wandb.ai/papaya147-ml/ViViT-GABRIL-Atari/runs/5038580a5dd3_new2,finished,2026-04-01T14:25:35Z,ablation,Breakout,FactorizedViViT,False,101,0.5,all,half,kl_then_mean,gabril,500,13.1,7.81,6.68,499
FactorizedViViT_Breakout_seed-101_9b84c4a3f2c9_new2_20260405-114848,9b84c4a3f2c9_new2,https://wandb.ai/papaya147-ml/ViViT-GABRIL-Atari/runs/9b84c4a3f2c9_new2,finished,2026-04-01T14:52:23Z,ablation,Breakout,FactorizedViViT,False,101,0.5,first,half,kl_then_mean,gabril,500,0.02,0.02,0.02,499
FactorizedViViT_Breakout_seed-101_9cd11910cc3d_new2_20260405-123810,9cd11910cc3d_new2,https://wandb.ai/papaya147-ml/ViViT-GABRIL-Atari/runs/9cd11910cc3d_new2,finished,2026-04-01T15:01:39Z,ablation,Breakout,FactorizedViViT,False,101,0.5,last,half,kl_then_mean,gabril,500,13.41,13.01,16.26,499
FactorizedViViT_Breakout_seed-101_a6282ab4d911_new2_20260405-213024,a6282ab4d911_new2,https://wandb.ai/papaya147-ml/ViViT-GABRIL-Atari/runs/a6282ab4d911_new2,finished,2026-04-01T19:29:38Z,ablation,Breakout,FactorizedViViT,False,101,0.5,all,all,kl_then_mean,gabril,500,3.15,3.33,3.98,499
FactorizedViViT_Breakout_seed-101_573b901fd410_new2_20260405-225054,573b901fd410_new2,https://wandb.ai/papaya147-ml/ViViT-GABRIL-Atari/runs/573b901fd410_new2,finished,2026-04-01T19:30:50Z,ablation,Breakout,FactorizedViViT,False,101,0.5,first,all,kl_then_mean,gabril,500,0.02,0.02,0.02,499
FactorizedViViT_Breakout_seed-102_19fde2b59fc3_new2_20260405-110439,19fde2b59fc3_new2,https://wandb.ai/papaya147-ml/ViViT-GABRIL-Atari/runs/19fde2b59fc3_new2,finished,2026-04-01T14:25:35Z,ablation,Breakout,FactorizedViViT,False,102,0.5,all,half,kl_then_mean,gabril,500,5.65,6.46,6.29,499
FactorizedViViT_Breakout_seed-102_6b93688034c1_new2_20260405-114849,6b93688034c1_new2,https://wandb.ai/papaya147-ml/ViViT-GABRIL-Atari/runs/6b93688034c1_new2,finished,2026-04-01T14:52:23Z,ablation,Breakout,FactorizedViViT,False,102,0.5,first,half,kl_then_mean,gabril,500,0,0,0,499
FactorizedViViT_Breakout_seed-102_17dc761eaf39_new2_20260405-124144,17dc761eaf39_new2,https://wandb.ai/papaya147-ml/ViViT-GABRIL-Atari/runs/17dc761eaf39_new2,finished,2026-04-01T15:01:39Z,ablation,Breakout,FactorizedViViT,False,102,0.5,last,half,kl_then_mean,gabril,500,7.43,7.41,7.32,499
FactorizedViViT_Breakout_seed-102_e970bee5503d_new2_20260405-220312,e970bee5503d_new2,https://wandb.ai/papaya147-ml/ViViT-GABRIL-Atari/runs/e970bee5503d_new2,finished,2026-04-01T19:29:38Z,ablation,Breakout,FactorizedViViT,False,102,0.5,all,all,kl_then_mean,gabril,500,6.4,6.37,7.99,499
FactorizedViViT_Breakout_seed-102_dbe3eb22674b_new2_20260405-225124,dbe3eb22674b_new2,https://wandb.ai/papaya147-ml/ViViT-GABRIL-Atari/runs/dbe3eb22674b_new2,finished,2026-04-01T19:30:50Z,ablation,Breakout,FactorizedViViT,False,102,0.5,first,all,kl_then_mean,gabril,500,0,0,0,499
FactorizedViViT_Breakout_seed-103_753e91c4c538_new2_20260405-110440,753e91c4c538_new2,https://wandb.ai/papaya147-ml/ViViT-GABRIL-Atari/runs/753e91c4c538_new2,finished,2026-04-01T14:25:35Z,ablation,Breakout,FactorizedViViT,False,103,0.5,all,half,kl_then_mean,gabril,500,8.11,7.58,8.16,499
FactorizedViViT_Breakout_seed-103_801b8aeb2ed5_new2_20260405-114900,801b8aeb2ed5_new2,https://wandb.ai/papaya147-ml/ViViT-GABRIL-Atari/runs/801b8aeb2ed5_new2,finished,2026-04-01T14:52:23Z,ablation,Breakout,FactorizedViViT,False,103,0.5,first,half,kl_then_mean,gabril,500,0,0,0,499
FactorizedViViT_Breakout_seed-103_2779eca480a4_new2_20260405-124145,2779eca480a4_new2,https://wandb.ai/papaya147-ml/ViViT-GABRIL-Atari/runs/2779eca480a4_new2,finished,2026-04-01T15:01:39Z,ablation,Breakout,FactorizedViViT,False,103,0.5,last,half,kl_then_mean,gabril,500,18.82,18.66,21.02,499
FactorizedViViT_Breakout_seed-103_dc05bff6bbcc_new2_20260405-220306,dc05bff6bbcc_new2,https://wandb.ai/papaya147-ml/ViViT-GABRIL-Atari/runs/dc05bff6bbcc_new2,finished,2026-04-01T19:29:38Z,ablation,Breakout,FactorizedViViT,False,103,0.5,all,all,kl_then_mean,gabril,500,8.47,8.39,7.66,499
FactorizedViViT_Breakout_seed-103_38b5336108ad_new2_20260405-225327,38b5336108ad_new2,https://wandb.ai/papaya147-ml/ViViT-GABRIL-Atari/runs/38b5336108ad_new2,finished,2026-04-01T19:30:50Z,ablation,Breakout,FactorizedViViT,False,103,0.5,first,all,kl_then_mean,gabril,500,0,0,0,499
FactorizedViViT_Breakout_seed-104_64198c4baf2c_new2_20260405-110438,64198c4baf2c_new2,https://wandb.ai/papaya147-ml/ViViT-GABRIL-Atari/runs/64198c4baf2c_new2,finished,2026-04-01T14:49:58Z,ablation,Breakout,FactorizedViViT,False,104,0.5,all,half,kl_then_mean,gabril,500,3.44,3.1,3.31,499
FactorizedViViT_Breakout_seed-104_64408d932279_new2_20260405-114857,64408d932279_new2,https://wandb.ai/papaya147-ml/ViViT-GABRIL-Atari/runs/64408d932279_new2,finished,2026-04-01T15:00:01Z,ablation,Breakout,FactorizedViViT,False,104,0.5,first,half,kl_then_mean,gabril,500,0,0,0,499
FactorizedViViT_Breakout_seed-104_96b66bc210d4_new2_20260405-131723,96b66bc210d4_new2,https://wandb.ai/papaya147-ml/ViViT-GABRIL-Atari/runs/96b66bc210d4_new2,finished,2026-04-01T15:04:41Z,ablation,Breakout,FactorizedViViT,False,104,0.5,last,half,kl_then_mean,gabril,500,8.93,8.14,8.63,499
FactorizedViViT_Breakout_seed-104_d0f1e44f2e2e_new2_20260405-220501,d0f1e44f2e2e_new2,https://wandb.ai/papaya147-ml/ViViT-GABRIL-Atari/runs/d0f1e44f2e2e_new2,finished,2026-04-01T19:29:50Z,ablation,Breakout,FactorizedViViT,False,104,0.5,all,all,kl_then_mean,gabril,500,10.81,9.94,9.57,499
FactorizedViViT_Breakout_seed-104_a294dd5d5ca3_new2_20260405-225946,a294dd5d5ca3_new2,https://wandb.ai/papaya147-ml/ViViT-GABRIL-Atari/runs/a294dd5d5ca3_new2,finished,2026-04-01T19:34:29Z,ablation,Breakout,FactorizedViViT,False,104,0.5,first,all,kl_then_mean,gabril,500,0,0,0,499
FactorizedViViT_Breakout_seed-105_efb35e89a476_new2_20260405-110438,efb35e89a476_new2,https://wandb.ai/papaya147-ml/ViViT-GABRIL-Atari/runs/efb35e89a476_new2,finished,2026-04-01T14:49:58Z,ablation,Breakout,FactorizedViViT,False,105,0.5,all,half,kl_then_mean,gabril,500,4.14,3.98,4.47,499
FactorizedViViT_Breakout_seed-105_95348c7539bf_new2_20260405-114857,95348c7539bf_new2,https://wandb.ai/papaya147-ml/ViViT-GABRIL-Atari/runs/95348c7539bf_new2,finished,2026-04-01T15:00:01Z,ablation,Breakout,FactorizedViViT,False,105,0.5,first,half,kl_then_mean,gabril,500,0.04,0.04,0.04,499
FactorizedViViT_Breakout_seed-105_4ec99e080125_new2_20260405-131753,4ec99e080125_new2,https://wandb.ai/papaya147-ml/ViViT-GABRIL-Atari/runs/4ec99e080125_new2,finished,2026-04-01T15:04:41Z,ablation,Breakout,FactorizedViViT,False,105,0.5,last,half,kl_then_mean,gabril,500,15.35,13.62,13.31,499
FactorizedViViT_Breakout_seed-105_c43758d2d25f_new2_20260405-221208,c43758d2d25f_new2,https://wandb.ai/papaya147-ml/ViViT-GABRIL-Atari/runs/c43758d2d25f_new2,finished,2026-04-01T19:29:50Z,ablation,Breakout,FactorizedViViT,False,105,0.5,all,all,kl_then_mean,gabril,500,6.06,7.24,5.66,499
FactorizedViViT_Breakout_seed-105_d3c198fdd056_new2_20260405-232742,d3c198fdd056_new2,https://wandb.ai/papaya147-ml/ViViT-GABRIL-Atari/runs/d3c198fdd056_new2,finished,2026-04-01T19:34:28Z,ablation,Breakout,FactorizedViViT,False,105,0.5,first,all,kl_then_mean,gabril,500,0.04,0.04,0.04,499
FactorizedViViT_Breakout_seed-106_fdda69d87bfa_new2_20260405-110617,fdda69d87bfa_new2,https://wandb.ai/papaya147-ml/ViViT-GABRIL-Atari/runs/fdda69d87bfa_new2,finished,2026-04-01T14:49:58Z,ablation,Breakout,FactorizedViViT,False,106,0.5,all,half,kl_then_mean,gabril,500,3.51,3.62,3.92,499
FactorizedViViT_Breakout_seed-106_88cf28d3169a_new2_20260405-123000,88cf28d3169a_new2,https://wandb.ai/papaya147-ml/ViViT-GABRIL-Atari/runs/88cf28d3169a_new2,finished,2026-04-01T15:00:00Z,ablation,Breakout,FactorizedViViT,False,106,0.5,first,half,kl_then_mean,gabril,500,0,0,0,499
FactorizedViViT_Breakout_seed-106_e2a2c3504239_new2_20260405-131753,e2a2c3504239_new2,https://wandb.ai/papaya147-ml/ViViT-GABRIL-Atari/runs/e2a2c3504239_new2,finished,2026-04-01T15:04:41Z,ablation,Breakout,FactorizedViViT,False,106,0.5,last,half,kl_then_mean,gabril,500,13.7,12.53,12.42,499
FactorizedViViT_Breakout_seed-106_18a4f3f6d954_new2_20260405-222550,18a4f3f6d954_new2,https://wandb.ai/papaya147-ml/ViViT-GABRIL-Atari/runs/18a4f3f6d954_new2,finished,2026-04-01T19:29:50Z,ablation,Breakout,FactorizedViViT,False,106,0.5,all,all,kl_then_mean,gabril,500,5.78,5.18,4.59,499
FactorizedViViT_Breakout_seed-106_7cad0b3513cc_new2_20260405-233249,7cad0b3513cc_new2,https://wandb.ai/papaya147-ml/ViViT-GABRIL-Atari/runs/7cad0b3513cc_new2,finished,2026-04-01T19:34:27Z,ablation,Breakout,FactorizedViViT,False,106,0.5,first,all,kl_then_mean,gabril,500,0,0,0,499
FactorizedViViT_Breakout_seed-107_dc1b9d8b9883_new2_20260405-114043,dc1b9d8b9883_new2,https://wandb.ai/papaya147-ml/ViViT-GABRIL-Atari/runs/dc1b9d8b9883_new2,finished,2026-04-01T14:49:58Z,ablation,Breakout,FactorizedViViT,False,107,0.5,all,half,kl_then_mean,gabril,500,5.45,5.06,5.09,499
FactorizedViViT_Breakout_seed-107_898ef33d9e96_new2_20260405-123405,898ef33d9e96_new2,https://wandb.ai/papaya147-ml/ViViT-GABRIL-Atari/runs/898ef33d9e96_new2,finished,2026-04-01T15:00:01Z,ablation,Breakout,FactorizedViViT,False,107,0.5,first,half,kl_then_mean,gabril,500,0,0,0,499
FactorizedViViT_Breakout_seed-107_03c0711d6467_new2_20260405-131753,03c0711d6467_new2,https://wandb.ai/papaya147-ml/ViViT-GABRIL-Atari/runs/03c0711d6467_new2,finished,2026-04-01T15:04:41Z,ablation,Breakout,FactorizedViViT,False,107,0.5,last,half,kl_then_mean,gabril,500,12.28,12.42,13.03,499
FactorizedViViT_Breakout_seed-107_a124829fc06b_new2_20260405-223848,a124829fc06b_new2,https://wandb.ai/papaya147-ml/ViViT-GABRIL-Atari/runs/a124829fc06b_new2,finished,2026-04-01T19:29:50Z,ablation,Breakout,FactorizedViViT,False,107,0.5,all,all,kl_then_mean,gabril,500,6.57,7.39,7.36,499
FactorizedViViT_Breakout_seed-107_e95abbce3b88_new2_20260405-233624,e95abbce3b88_new2,https://wandb.ai/papaya147-ml/ViViT-GABRIL-Atari/runs/e95abbce3b88_new2,finished,2026-04-01T19:34:27Z,ablation,Breakout,FactorizedViViT,False,107,0.5,first,all,kl_then_mean,gabril,500,0,0,0,499
AuxGazeFactorizedViViT_Breakout_seed-42_6a51d11374f1_20260226-035615,6a51d11374f1,https://wandb.ai/papaya147-ml/ViViT-GABRIL-Atari/runs/6a51d11374f1,finished,2026-02-26T11:56:17Z,single-seed,Breakout,AuxGazeFactorizedViViT,False,42,0.5,,,mean_then_kl,gabril,500,26.89,26.88,29.19,499
AuxGazeFactorizedViViT_Breakout_seed-42_a81a7c762507_20260226-070526,a81a7c762507,https://wandb.ai/papaya147-ml/ViViT-GABRIL-Atari/runs/a81a7c762507,finished,2026-02-26T15:05:28Z,single-seed,Breakout,AuxGazeFactorizedViViT,False,42,0.5,,,kl_then_mean,gabril,500,25.86,31.01,27.23,499
FactorizedViViT_Breakout_seed-42_77bd30fd8973_20260225-235847,77bd30fd8973,https://wandb.ai/papaya147-ml/ViViT-GABRIL-Atari/runs/77bd30fd8973,finished,2026-02-26T07:58:49Z,single-seed,Breakout,FactorizedViViT,False,42,0.5,,,mean_then_kl,gabril,500,26.28,25.41,27.24,499
FactorizedViViT_Breakout_seed-42_2ba31efc7f30_20260226-000658,2ba31efc7f30,https://wandb.ai/papaya147-ml/ViViT-GABRIL-Atari/runs/2ba31efc7f30,finished,2026-02-26T08:07:00Z,single-seed,Breakout,FactorizedViViT,False,42,0.5,,,kl_then_mean,gabril,500,24.36,25.74,28.71,499
AuxGazeFactorizedViViT_ChopperCommand_seed-100_b86cf1c4e048_20260316-164047,b86cf1c4e048,https://wandb.ai/papaya147-ml/ViViT-GABRIL-Atari/runs/b86cf1c4e048,finished,2026-03-14T20:31:51Z,8-seed,ChopperCommand,AuxGazeFactorizedViViT,False,100,0.5,,,kl_then_mean,gabril,500,3045,2780,2761,499
AuxGazeFactorizedViViT_NoGaze_ChopperCommand_seed-100_7692d9319fe2_20260318-202448,7692d9319fe2,https://wandb.ai/papaya147-ml/ViViT-GABRIL-Atari/runs/7692d9319fe2,finished,2026-03-15T09:46:55Z,8-seed,ChopperCommand,AuxGazeFactorizedViViT,True,100,0.5,,,mean_then_kl,gabril,500,1312,415,496,499
AuxGazeFactorizedViViT_ChopperCommand_seed-101_f03a673187d2_20260316-192750,f03a673187d2,https://wandb.ai/papaya147-ml/ViViT-GABRIL-Atari/runs/f03a673187d2,finished,2026-03-14T20:42:42Z,8-seed,ChopperCommand,AuxGazeFactorizedViViT,False,101,0.5,,,kl_then_mean,gabril,500,1890,88,0,499
AuxGazeFactorizedViViT_NoGaze_ChopperCommand_seed-101_2ee336399757_20260318-202823,2ee336399757,https://wandb.ai/papaya147-ml/ViViT-GABRIL-Atari/runs/2ee336399757,finished,2026-03-15T09:46:55Z,8-seed,ChopperCommand,AuxGazeFactorizedViViT,True,101,0.5,,,mean_then_kl,gabril,500,806,954,421,499
AuxGazeFactorizedViViT_ChopperCommand_seed-102_94ee81f04086_20260316-200728,94ee81f04086,https://wandb.ai/papaya147-ml/ViViT-GABRIL-Atari/runs/94ee81f04086,finished,2026-03-14T21:42:47Z,8-seed,ChopperCommand,AuxGazeFactorizedViViT,False,102,0.5,,,kl_then_mean,gabril,500,2284,295,454,499
AuxGazeFactorizedViViT_NoGaze_ChopperCommand_seed-102_8c3ae74836d4_20260318-204753,8c3ae74836d4,https://wandb.ai/papaya147-ml/ViViT-GABRIL-Atari/runs/8c3ae74836d4,finished,2026-03-15T10:37:57Z,8-seed,ChopperCommand,AuxGazeFactorizedViViT,True,102,0.5,,,mean_then_kl,gabril,500,3037,2693,2671,499
AuxGazeFactorizedViViT_ChopperCommand_seed-103_fe89a1534878_20260316-200725,fe89a1534878,https://wandb.ai/papaya147-ml/ViViT-GABRIL-Atari/runs/fe89a1534878,finished,2026-03-14T22:20:51Z,8-seed,ChopperCommand,AuxGazeFactorizedViViT,False,103,0.5,,,kl_then_mean,gabril,500,4749,2671,3049,499
AuxGazeFactorizedViViT_NoGaze_ChopperCommand_seed-103_3290fa39f6b0_20260318-205027,3290fa39f6b0,https://wandb.ai/papaya147-ml/ViViT-GABRIL-Atari/runs/3290fa39f6b0,finished,2026-03-15T10:39:59Z,8-seed,ChopperCommand,AuxGazeFactorizedViViT,True,103,0.5,,,mean_then_kl,gabril,500,2279,2237,2408,499
AuxGazeFactorizedViViT_ChopperCommand_seed-104_95bc1aa91cab_20260316-201805,95bc1aa91cab,https://wandb.ai/papaya147-ml/ViViT-GABRIL-Atari/runs/95bc1aa91cab,finished,2026-03-14T22:49:37Z,8-seed,ChopperCommand,AuxGazeFactorizedViViT,False,104,0.5,,,kl_then_mean,gabril,500,3024,2984,2834,499
AuxGazeFactorizedViViT_NoGaze_ChopperCommand_seed-104_ab6a683b15c5_20260318-210930,ab6a683b15c5,https://wandb.ai/papaya147-ml/ViViT-GABRIL-Atari/runs/ab6a683b15c5,finished,2026-03-15T10:44:32Z,8-seed,ChopperCommand,AuxGazeFactorizedViViT,True,104,0.5,,,mean_then_kl,gabril,500,2698,2966,2610,499
AuxGazeFactorizedViViT_ChopperCommand_seed-105_721cc628b23a_20260316-203219,721cc628b23a,https://wandb.ai/papaya147-ml/ViViT-GABRIL-Atari/runs/721cc628b23a,finished,2026-03-14T23:02:17Z,8-seed,ChopperCommand,AuxGazeFactorizedViViT,False,105,0.5,,,kl_then_mean,gabril,500,2936,2728,2702,499
AuxGazeFactorizedViViT_NoGaze_ChopperCommand_seed-105_72f8562f9b67_20260318-211540,72f8562f9b67,https://wandb.ai/papaya147-ml/ViViT-GABRIL-Atari/runs/72f8562f9b67,finished,2026-03-15T11:08:15Z,8-seed,ChopperCommand,AuxGazeFactorizedViViT,True,105,0.5,,,mean_then_kl,gabril,500,1566,294,271,499
AuxGazeFactorizedViViT_ChopperCommand_seed-106_22ed82f2675d_20260316-203551,22ed82f2675d,https://wandb.ai/papaya147-ml/ViViT-GABRIL-Atari/runs/22ed82f2675d,finished,2026-03-14T23:15:31Z,8-seed,ChopperCommand,AuxGazeFactorizedViViT,False,106,0.5,,,kl_then_mean,gabril,500,3092,1880,1737,499
AuxGazeFactorizedViViT_NoGaze_ChopperCommand_seed-106_00bb155eeb39_20260318-211844,00bb155eeb39,https://wandb.ai/papaya147-ml/ViViT-GABRIL-Atari/runs/00bb155eeb39,finished,2026-03-15T12:27:12Z,8-seed,ChopperCommand,AuxGazeFactorizedViViT,True,106,0.5,,,mean_then_kl,gabril,500,2400,2685,2615,499
AuxGazeFactorizedViViT_ChopperCommand_seed-107_ea5e82b38907_20260316-205242,ea5e82b38907,https://wandb.ai/papaya147-ml/ViViT-GABRIL-Atari/runs/ea5e82b38907,finished,2026-03-14T23:15:27Z,8-seed,ChopperCommand,AuxGazeFactorizedViViT,False,107,0.5,,,kl_then_mean,gabril,500,2870,2966,3088,499
AuxGazeFactorizedViViT_NoGaze_ChopperCommand_seed-107_630c54760f65_20260318-213206,630c54760f65,https://wandb.ai/papaya147-ml/ViViT-GABRIL-Atari/runs/630c54760f65,finished,2026-03-15T13:59:20Z,8-seed,ChopperCommand,AuxGazeFactorizedViViT,True,107,0.5,,,mean_then_kl,gabril,500,1814,1883,2011,499
FactorizedViViT_ChopperCommand_seed-100_8c36c8f6dc4a_20260316-125237,8c36c8f6dc4a,https://wandb.ai/papaya147-ml/ViViT-GABRIL-Atari/runs/8c36c8f6dc4a,finished,2026-03-14T17:24:23Z,8-seed,ChopperCommand,FactorizedViViT,False,100,0.5,,,kl_then_mean,gabril,500,3479,3159,3424,499
FactorizedViViT_NoGaze_ChopperCommand_seed-100_671517d9ba95_20260320-043434,671517d9ba95,https://wandb.ai/papaya147-ml/ViViT-GABRIL-Atari/runs/671517d9ba95,finished,2026-03-20T04:34:36Z,8-seed,ChopperCommand,FactorizedViViT,True,100,0.5,,,kl_then_mean,gabril,500,1694,1765,1875,499
FactorizedViViT_ChopperCommand_seed-101_33628a51efd7_20260316-125237,33628a51efd7,https://wandb.ai/papaya147-ml/ViViT-GABRIL-Atari/runs/33628a51efd7,finished,2026-03-14T18:34:46Z,8-seed,ChopperCommand,FactorizedViViT,False,101,0.5,,,kl_then_mean,gabril,500,1914,352,254,499
FactorizedViViT_NoGaze_ChopperCommand_seed-101_208905e4b62e_20260320-043434,208905e4b62e,https://wandb.ai/papaya147-ml/ViViT-GABRIL-Atari/runs/208905e4b62e,finished,2026-03-20T04:34:36Z,8-seed,ChopperCommand,FactorizedViViT,True,101,0.5,,,kl_then_mean,gabril,500,1110,247,506,499
FactorizedViViT_ChopperCommand_seed-102_47b082f7ff49_20260316-131535,47b082f7ff49,https://wandb.ai/papaya147-ml/ViViT-GABRIL-Atari/runs/47b082f7ff49,finished,2026-03-14T19:09:13Z,8-seed,ChopperCommand,FactorizedViViT,False,102,0.5,,,kl_then_mean,gabril,500,3098,3709,3100,499
FactorizedViViT_NoGaze_ChopperCommand_seed-102_47fc494b7829_20260320-043434,47fc494b7829,https://wandb.ai/papaya147-ml/ViViT-GABRIL-Atari/runs/47fc494b7829,finished,2026-03-20T04:34:36Z,8-seed,ChopperCommand,FactorizedViViT,True,102,0.5,,,kl_then_mean,gabril,500,2864,2982,3079,499
FactorizedViViT_ChopperCommand_seed-103_424b292cc996_20260316-133604,424b292cc996,https://wandb.ai/papaya147-ml/ViViT-GABRIL-Atari/runs/424b292cc996,finished,2026-03-14T19:10:48Z,8-seed,ChopperCommand,FactorizedViViT,False,103,0.5,,,kl_then_mean,gabril,500,2657,2261,2496,499
FactorizedViViT_NoGaze_ChopperCommand_seed-103_53bdc4605efa_20260320-043434,53bdc4605efa,https://wandb.ai/papaya147-ml/ViViT-GABRIL-Atari/runs/53bdc4605efa,finished,2026-03-20T04:34:36Z,8-seed,ChopperCommand,FactorizedViViT,True,103,0.5,,,kl_then_mean,gabril,500,2281,2225,1925,499
FactorizedViViT_ChopperCommand_seed-104_f6fb3513a2dc_20260316-134445,f6fb3513a2dc,https://wandb.ai/papaya147-ml/ViViT-GABRIL-Atari/runs/f6fb3513a2dc,finished,2026-03-14T19:47:07Z,8-seed,ChopperCommand,FactorizedViViT,False,104,0.5,,,kl_then_mean,gabril,500,2936,2987,3171,499
FactorizedViViT_NoGaze_ChopperCommand_seed-104_6a9bbf9eea73_20260320-043434,6a9bbf9eea73,https://wandb.ai/papaya147-ml/ViViT-GABRIL-Atari/runs/6a9bbf9eea73,finished,2026-03-20T04:34:36Z,8-seed,ChopperCommand,FactorizedViViT,True,104,0.5,,,kl_then_mean,gabril,500,2284,2495,2083,499
FactorizedViViT_ChopperCommand_seed-105_478b10d44eb1_20260316-140616,478b10d44eb1,https://wandb.ai/papaya147-ml/ViViT-GABRIL-Atari/runs/478b10d44eb1,finished,2026-03-14T20:10:53Z,8-seed,ChopperCommand,FactorizedViViT,False,105,0.5,,,kl_then_mean,gabril,500,3356,3434,3829,499
FactorizedViViT_NoGaze_ChopperCommand_seed-105_cf64b3cd71e6_20260318-195203,cf64b3cd71e6,https://wandb.ai/papaya147-ml/ViViT-GABRIL-Atari/runs/cf64b3cd71e6,finished,2026-03-15T09:33:47Z,8-seed,ChopperCommand,FactorizedViViT,True,105,0.5,,,mean_then_kl,gabril,500,2391,2220,2303,499
FactorizedViViT_ChopperCommand_seed-106_9075ecdb2827_20260316-141936,9075ecdb2827,https://wandb.ai/papaya147-ml/ViViT-GABRIL-Atari/runs/9075ecdb2827,finished,2026-03-14T20:16:57Z,8-seed,ChopperCommand,FactorizedViViT,False,106,0.5,,,kl_then_mean,gabril,500,3115,3335,2968,499
FactorizedViViT_NoGaze_ChopperCommand_seed-106_f6d8a1f31b38_20260318-200248,f6d8a1f31b38,https://wandb.ai/papaya147-ml/ViViT-GABRIL-Atari/runs/f6d8a1f31b38,finished,2026-03-15T09:36:19Z,8-seed,ChopperCommand,FactorizedViViT,True,106,0.5,,,mean_then_kl,gabril,500,775,427,531,499
FactorizedViViT_ChopperCommand_seed-107_b4162716006a_20260316-151335,b4162716006a,https://wandb.ai/papaya147-ml/ViViT-GABRIL-Atari/runs/b4162716006a,finished,2026-03-14T20:17:59Z,8-seed,ChopperCommand,FactorizedViViT,False,107,0.5,,,kl_then_mean,gabril,500,2160,313,101,499
FactorizedViViT_NoGaze_ChopperCommand_seed-107_6f80873918fb_20260318-201605,6f80873918fb,https://wandb.ai/papaya147-ml/ViViT-GABRIL-Atari/runs/6f80873918fb,finished,2026-03-15T09:43:51Z,8-seed,ChopperCommand,FactorizedViViT,True,107,0.5,,,mean_then_kl,gabril,500,2108,1848,1736,499
AuxGazeFactorizedViViT_ChopperCommand_seed-42_795a674dab5c_20260226-095953,795a674dab5c,https://wandb.ai/papaya147-ml/ViViT-GABRIL-Atari/runs/795a674dab5c,finished,2026-02-26T17:59:55Z,single-seed,ChopperCommand,AuxGazeFactorizedViViT,False,42,0.5,,,mean_then_kl,gabril,500,2566,2392,2738,499
AuxGazeFactorizedViViT_ChopperCommand_seed-42_8922e09e817d_20260226-105117,8922e09e817d,https://wandb.ai/papaya147-ml/ViViT-GABRIL-Atari/runs/8922e09e817d,finished,2026-02-26T18:51:19Z,single-seed,ChopperCommand,AuxGazeFactorizedViViT,False,42,0.5,,,kl_then_mean,gabril,500,2478,0,51,499
AuxGazeFactorizedViViT_ChopperCommand_seed-42_eb447f84efed_20260322-010650,eb447f84efed,https://wandb.ai/papaya147-ml/ViViT-GABRIL-Atari/runs/eb447f84efed,crashed,2026-03-22T01:06:51Z,single-seed,ChopperCommand,AuxGazeFactorizedViViT,False,42,0.5,,,mean_then_kl,mine,500,,,,
AuxGazeFactorizedViViT_ChopperCommand_seed-42_b5ba267e5d74_20260322-010651,b5ba267e5d74,https://wandb.ai/papaya147-ml/ViViT-GABRIL-Atari/runs/b5ba267e5d74,crashed,2026-03-22T01:06:52Z,single-seed,ChopperCommand,AuxGazeFactorizedViViT,False,42,0.5,,,mean_then_kl,gabril,500,,,,
FactorizedViViT_ChopperCommand_seed-42_0afd396ca80a_20260226-092217,0afd396ca80a,https://wandb.ai/papaya147-ml/ViViT-GABRIL-Atari/runs/0afd396ca80a,finished,2026-02-26T17:22:18Z,single-seed,ChopperCommand,FactorizedViViT,False,42,0.5,,,mean_then_kl,gabril,500,3229,2857,3279,499
FactorizedViViT_ChopperCommand_seed-42_fb19f79422b8_20260226-092631,fb19f79422b8,https://wandb.ai/papaya147-ml/ViViT-GABRIL-Atari/runs/fb19f79422b8,finished,2026-02-26T17:26:32Z,single-seed,ChopperCommand,FactorizedViViT,False,42,0.5,,,kl_then_mean,gabril,500,2867,2605,2736,499
FactorizedViViT_ChopperCommand_seed-42_d59f71fe01e0_20260322-010650,d59f71fe01e0,https://wandb.ai/papaya147-ml/ViViT-GABRIL-Atari/runs/d59f71fe01e0,crashed,2026-03-22T01:06:51Z,single-seed,ChopperCommand,FactorizedViViT,False,42,0.5,,,mean_then_kl,mine,500,,,,
FactorizedViViT_ChopperCommand_seed-42_ac3df14293ec_20260322-010652,ac3df14293ec,https://wandb.ai/papaya147-ml/ViViT-GABRIL-Atari/runs/ac3df14293ec,crashed,2026-03-22T01:06:53Z,single-seed,ChopperCommand,FactorizedViViT,False,42,0.5,,,mean_then_kl,gabril,500,,,,
AuxGazeFactorizedViViT_MsPacman_seed-100_e47ae9088d3d_20260320-185610,e47ae9088d3d,https://wandb.ai/papaya147-ml/ViViT-GABRIL-Atari/runs/e47ae9088d3d,finished,2026-03-15T06:51:19Z,8-seed,MsPacman,AuxGazeFactorizedViViT,False,100,0.5,,,kl_then_mean,gabril,500,1730.1,1647.4,1572.6,499
AuxGazeFactorizedViViT_NoGaze_MsPacman_seed-100_9e34ef47d092_20260318-081141,9e34ef47d092,https://wandb.ai/papaya147-ml/ViViT-GABRIL-Atari/runs/9e34ef47d092,finished,2026-03-15T23:44:05Z,8-seed,MsPacman,AuxGazeFactorizedViViT,True,100,0.5,,,mean_then_kl,gabril,500,1450,1530.9,1371.9,499
AuxGazeFactorizedViViT_MsPacman_seed-101_1b8e71d3dc02_20260320-204911,1b8e71d3dc02,https://wandb.ai/papaya147-ml/ViViT-GABRIL-Atari/runs/1b8e71d3dc02,finished,2026-03-15T06:55:55Z,8-seed,MsPacman,AuxGazeFactorizedViViT,False,101,0.5,,,kl_then_mean,gabril,500,2270,2205.6,2076.2,499
AuxGazeFactorizedViViT_NoGaze_MsPacman_seed-101_ede213402bd8_20260318-085550,ede213402bd8,https://wandb.ai/papaya147-ml/ViViT-GABRIL-Atari/runs/ede213402bd8,finished,2026-03-15T23:44:07Z,8-seed,MsPacman,AuxGazeFactorizedViViT,True,101,0.5,,,mean_then_kl,gabril,500,1656.6,1372.7,1551.6,499
AuxGazeFactorizedViViT_MsPacman_seed-102_0ee40edccf8e_20260320-224559,0ee40edccf8e,https://wandb.ai/papaya147-ml/ViViT-GABRIL-Atari/runs/0ee40edccf8e,finished,2026-03-15T07:14:34Z,8-seed,MsPacman,AuxGazeFactorizedViViT,False,102,0.5,,,kl_then_mean,gabril,500,1884,1891.2,1831.5,499
AuxGazeFactorizedViViT_NoGaze_MsPacman_seed-102_5408b8040ce4_20260318-090313,5408b8040ce4,https://wandb.ai/papaya147-ml/ViViT-GABRIL-Atari/runs/5408b8040ce4,finished,2026-03-16T23:44:33Z,8-seed,MsPacman,AuxGazeFactorizedViViT,True,102,0.5,,,mean_then_kl,gabril,500,1668.3,1442.5,1532.5,499
AuxGazeFactorizedViViT_MsPacman_seed-103_2e2ee328703e_20260320-234802,2e2ee328703e,https://wandb.ai/papaya147-ml/ViViT-GABRIL-Atari/runs/2e2ee328703e,finished,2026-03-15T07:19:36Z,8-seed,MsPacman,AuxGazeFactorizedViViT,False,103,0.5,,,kl_then_mean,gabril,500,1698.5,1797.3,1748.2,499
AuxGazeFactorizedViViT_NoGaze_MsPacman_seed-103_98da28f33ecd_20260318-111940,98da28f33ecd,https://wandb.ai/papaya147-ml/ViViT-GABRIL-Atari/runs/98da28f33ecd,finished,2026-03-16T23:44:33Z,8-seed,MsPacman,AuxGazeFactorizedViViT,True,103,0.5,,,mean_then_kl,gabril,500,1592.7,1666.4,1629.1,499
AuxGazeFactorizedViViT_MsPacman_seed-104_cc3970c1c7aa_20260321-002804,cc3970c1c7aa,https://wandb.ai/papaya147-ml/ViViT-GABRIL-Atari/runs/cc3970c1c7aa,finished,2026-03-15T08:18:04Z,8-seed,MsPacman,AuxGazeFactorizedViViT,False,104,0.5,,,kl_then_mean,gabril,500,1931.2,1844.6,1826.1,499
AuxGazeFactorizedViViT_NoGaze_MsPacman_seed-104_7d97c239f1bc_20260318-115729,7d97c239f1bc,https://wandb.ai/papaya147-ml/ViViT-GABRIL-Atari/runs/7d97c239f1bc,finished,2026-03-16T23:44:33Z,8-seed,MsPacman,AuxGazeFactorizedViViT,True,104,0.5,,,mean_then_kl,gabril,500,1367.3,1609.2,1404.9,499
AuxGazeFactorizedViViT_MsPacman_seed-105_434c5dbe27c8_20260321-005402,434c5dbe27c8,https://wandb.ai/papaya147-ml/ViViT-GABRIL-Atari/runs/434c5dbe27c8,finished,2026-03-15T08:34:15Z,8-seed,MsPacman,AuxGazeFactorizedViViT,False,105,0.5,,,kl_then_mean,gabril,500,2099.1,2136.6,1757.5,499
AuxGazeFactorizedViViT_NoGaze_MsPacman_seed-105_c5f74dd023de_20260318-120544,c5f74dd023de,https://wandb.ai/papaya147-ml/ViViT-GABRIL-Atari/runs/c5f74dd023de,finished,2026-03-16T23:44:34Z,8-seed,MsPacman,AuxGazeFactorizedViViT,True,105,0.5,,,mean_then_kl,gabril,500,1853.7,1298.2,1184.3,499
AuxGazeFactorizedViViT_MsPacman_seed-106_e7e536ca75bc_20260321-011551,e7e536ca75bc,https://wandb.ai/papaya147-ml/ViViT-GABRIL-Atari/runs/e7e536ca75bc,finished,2026-03-15T08:46:22Z,8-seed,MsPacman,AuxGazeFactorizedViViT,False,106,0.5,,,kl_then_mean,gabril,500,2121.2,2250.1,2327.8,499
AuxGazeFactorizedViViT_NoGaze_MsPacman_seed-106_abb71e60aa51_20260318-121846,abb71e60aa51,https://wandb.ai/papaya147-ml/ViViT-GABRIL-Atari/runs/abb71e60aa51,finished,2026-03-16T23:44:34Z,8-seed,MsPacman,AuxGazeFactorizedViViT,True,106,0.5,,,mean_then_kl,gabril,500,1158.4,1247.2,1292.1,499
AuxGazeFactorizedViViT_MsPacman_seed-107_456639fcaaae_20260321-015120,456639fcaaae,https://wandb.ai/papaya147-ml/ViViT-GABRIL-Atari/runs/456639fcaaae,finished,2026-03-15T08:53:56Z,8-seed,MsPacman,AuxGazeFactorizedViViT,False,107,0.5,,,kl_then_mean,gabril,500,2409.4,2382.2,2390,499
AuxGazeFactorizedViViT_NoGaze_MsPacman_seed-107_58bac2cc3db5_20260320-000134_new,58bac2cc3db5,https://wandb.ai/papaya147-ml/ViViT-GABRIL-Atari/runs/58bac2cc3db5,finished,2026-03-19T00:20:22Z,8-seed,MsPacman,AuxGazeFactorizedViViT,True,107,0.5,,,kl_then_mean,gabril,500,1765.6,1142.1,1187.2,499
FactorizedViViT_NoGaze_MsPacman_seed-100_59265a3cc8ac_20260317-235939,59265a3cc8ac,https://wandb.ai/papaya147-ml/ViViT-GABRIL-Atari/runs/59265a3cc8ac,finished,2026-03-14T23:44:15Z,8-seed,MsPacman,FactorizedViViT,True,100,0.5,,,mean_then_kl,gabril,500,1458.3,1145.1,1239.6,499
FactorizedViViT_MsPacman_seed-100_679051775e61_20260320-091001,679051775e61,https://wandb.ai/papaya147-ml/ViViT-GABRIL-Atari/runs/679051775e61,finished,2026-03-15T00:48:26Z,8-seed,MsPacman,FactorizedViViT,False,100,0.5,,,kl_then_mean,gabril,500,1612,1241.7,1267.8,499
FactorizedViViT_NoGaze_MsPacman_seed-101_a66295cf8342_20260317-235939,a66295cf8342,https://wandb.ai/papaya147-ml/ViViT-GABRIL-Atari/runs/a66295cf8342,finished,2026-03-14T23:44:12Z,8-seed,MsPacman,FactorizedViViT,True,101,0.5,,,mean_then_kl,gabril,500,1445.2,1449.5,1468.4,499
FactorizedViViT_MsPacman_seed-101_3624ee8d97cc_20260320-135404,3624ee8d97cc,https://wandb.ai/papaya147-ml/ViViT-GABRIL-Atari/runs/3624ee8d97cc,finished,2026-03-15T01:02:17Z,8-seed,MsPacman,FactorizedViViT,False,101,0.5,,,kl_then_mean,gabril,500,1447.9,1287.9,1356.8,499
FactorizedViViT_NoGaze_MsPacman_seed-102_a8027eff214a_20260317-235939,a8027eff214a,https://wandb.ai/papaya147-ml/ViViT-GABRIL-Atari/runs/a8027eff214a,finished,2026-03-14T23:44:12Z,8-seed,MsPacman,FactorizedViViT,True,102,0.5,,,mean_then_kl,gabril,500,1322.9,1326.7,1463.5,499
FactorizedViViT_MsPacman_seed-102_b108753a40f8_20260320-145602,b108753a40f8,https://wandb.ai/papaya147-ml/ViViT-GABRIL-Atari/runs/b108753a40f8,finished,2026-03-15T01:01:50Z,8-seed,MsPacman,FactorizedViViT,False,102,0.5,,,kl_then_mean,gabril,500,2098.7,2215.4,2210.6,499
FactorizedViViT_NoGaze_MsPacman_seed-103_64896d8b970b_20260317-235940,64896d8b970b,https://wandb.ai/papaya147-ml/ViViT-GABRIL-Atari/runs/64896d8b970b,finished,2026-03-14T23:44:11Z,8-seed,MsPacman,FactorizedViViT,True,103,0.5,,,mean_then_kl,gabril,500,1566.1,1649.2,1571.2,499
FactorizedViViT_MsPacman_seed-103_8a8788f9350a_20260320-150142,8a8788f9350a,https://wandb.ai/papaya147-ml/ViViT-GABRIL-Atari/runs/8a8788f9350a,finished,2026-03-15T04:34:07Z,8-seed,MsPacman,FactorizedViViT,False,103,0.5,,,kl_then_mean,gabril,500,1561.4,1320.8,1637.4,499
FactorizedViViT_NoGaze_MsPacman_seed-104_5b09d21c6b76_20260317-235938,5b09d21c6b76,https://wandb.ai/papaya147-ml/ViViT-GABRIL-Atari/runs/5b09d21c6b76,finished,2026-03-14T23:43:53Z,8-seed,MsPacman,FactorizedViViT,True,104,0.5,,,mean_then_kl,gabril,500,1358.6,1406.2,1371.4,499
FactorizedViViT_MsPacman_seed-104_c7a9e89155a5_20260320-151913,c7a9e89155a5,https://wandb.ai/papaya147-ml/ViViT-GABRIL-Atari/runs/c7a9e89155a5,finished,2026-03-15T04:39:42Z,8-seed,MsPacman,FactorizedViViT,False,104,0.5,,,kl_then_mean,gabril,500,1611.8,1621.9,1710.3,499
FactorizedViViT_MsPacman_seed-105_d94114ee685c_20260320-162631,d94114ee685c,https://wandb.ai/papaya147-ml/ViViT-GABRIL-Atari/runs/d94114ee685c,finished,2026-03-15T04:56:46Z,8-seed,MsPacman,FactorizedViViT,False,105,0.5,,,kl_then_mean,gabril,500,1574.8,1529.8,1689.7,499
FactorizedViViT_NoGaze_MsPacman_seed-105_2c0c554b8dff_20260318-014405,2c0c554b8dff,https://wandb.ai/papaya147-ml/ViViT-GABRIL-Atari/runs/2c0c554b8dff,finished,2026-03-15T23:44:05Z,8-seed,MsPacman,FactorizedViViT,True,105,0.5,,,mean_then_kl,gabril,500,1646.6,812.4,878,499
FactorizedViViT_MsPacman_seed-106_184e708ac6cf_20260320-163511,184e708ac6cf,https://wandb.ai/papaya147-ml/ViViT-GABRIL-Atari/runs/184e708ac6cf,finished,2026-03-15T05:53:16Z,8-seed,MsPacman,FactorizedViViT,False,106,0.5,,,kl_then_mean,gabril,500,2022.6,2249.4,2085.4,499
FactorizedViViT_NoGaze_MsPacman_seed-106_4d0443985847_20260318-053421,4d0443985847,https://wandb.ai/papaya147-ml/ViViT-GABRIL-Atari/runs/4d0443985847,finished,2026-03-15T23:44:05Z,8-seed,MsPacman,FactorizedViViT,True,106,0.5,,,mean_then_kl,gabril,500,1562.9,1383.4,1112.1,499
FactorizedViViT_MsPacman_seed-107_ace010961f54_20260320-164523,ace010961f54,https://wandb.ai/papaya147-ml/ViViT-GABRIL-Atari/runs/ace010961f54,finished,2026-03-15T06:11:29Z,8-seed,MsPacman,FactorizedViViT,False,107,0.5,,,kl_then_mean,gabril,500,1534.9,1715.1,1824.2,499
FactorizedViViT_NoGaze_MsPacman_seed-107_72283ada1c5b_20260318-075245,72283ada1c5b,https://wandb.ai/papaya147-ml/ViViT-GABRIL-Atari/runs/72283ada1c5b,finished,2026-03-15T23:44:05Z,8-seed,MsPacman,FactorizedViViT,True,107,0.5,,,mean_then_kl,gabril,500,1555.8,1210.1,1260.1,499
AuxGazeFactorizedViViT_MsPacman_seed-42_870eed2790a5_20260227-201138,870eed2790a5,https://wandb.ai/papaya147-ml/ViViT-GABRIL-Atari/runs/870eed2790a5,finished,2026-02-27T00:00:24Z,single-seed,MsPacman,AuxGazeFactorizedViViT,False,42,0.5,,,kl_then_mean,gabril,500,1882.1,1886.8,1869.2,499
AuxGazeFactorizedViViT_MsPacman_seed-42_bcdfba3a5ea8_20260302-232530,bcdfba3a5ea8_new,https://wandb.ai/papaya147-ml/ViViT-GABRIL-Atari/runs/bcdfba3a5ea8_new,crashed,2026-03-03T07:25:31Z,single-seed,MsPacman,AuxGazeFactorizedViViT,False,42,0.5,,,mean_then_kl,gabril,500,,,1650.9,366
FactorizedViViT_MsPacman_seed-42_cac5b5cd3474_20260227-184856,cac5b5cd3474,https://wandb.ai/papaya147-ml/ViViT-GABRIL-Atari/runs/cac5b5cd3474,finished,2026-02-26T22:40:51Z,single-seed,MsPacman,FactorizedViViT,False,42,0.5,,,mean_then_kl,gabril,500,1508.5,1505.6,1658.5,499
FactorizedViViT_MsPacman_seed-42_46007f46ac17_20260226-152940,46007f46ac17,https://wandb.ai/papaya147-ml/ViViT-GABRIL-Atari/runs/46007f46ac17,finished,2026-02-26T23:29:41Z,single-seed,MsPacman,FactorizedViViT,False,42,0.5,,,kl_then_mean,gabril,500,1815.6,1376.9,1372.9,499
AuxGazeFactorizedViViT_Qbert_seed-100_b6ebf1c990f6_20260319-110816,b6ebf1c990f6,https://wandb.ai/papaya147-ml/ViViT-GABRIL-Atari/runs/b6ebf1c990f6,finished,2026-03-17T11:59:47Z,8-seed,Qbert,AuxGazeFactorizedViViT,False,100,0.5,,,kl_then_mean,gabril,500,6349.25,6650.25,6938.25,499
AuxGazeFactorizedViViT_NoGaze_Qbert_seed-100_430ffa3c966c_20260319-233232,430ffa3c966c,https://wandb.ai/papaya147-ml/ViViT-GABRIL-Atari/runs/430ffa3c966c,finished,2026-03-17T23:01:20Z,8-seed,Qbert,AuxGazeFactorizedViViT,True,100,0.5,,,mean_then_kl,gabril,500,1557.75,1369.5,1312,499
AuxGazeFactorizedViViT_Qbert_seed-101_91783fc0bc59_20260319-135918,91783fc0bc59,https://wandb.ai/papaya147-ml/ViViT-GABRIL-Atari/runs/91783fc0bc59,finished,2026-03-17T12:24:20Z,8-seed,Qbert,AuxGazeFactorizedViViT,False,101,0.5,,,kl_then_mean,gabril,500,4804.5,4596.25,5116.5,499
AuxGazeFactorizedViViT_NoGaze_Qbert_seed-101_82db42ce18a1_20260319-235325,82db42ce18a1,https://wandb.ai/papaya147-ml/ViViT-GABRIL-Atari/runs/82db42ce18a1,finished,2026-03-18T00:37:26Z,8-seed,Qbert,AuxGazeFactorizedViViT,True,101,0.5,,,mean_then_kl,gabril,500,2881.5,2483.25,2754.75,499
AuxGazeFactorizedViViT_Qbert_seed-102_e02a4974f4f5_20260319-191648,e02a4974f4f5,https://wandb.ai/papaya147-ml/ViViT-GABRIL-Atari/runs/e02a4974f4f5,finished,2026-03-17T13:37:34Z,8-seed,Qbert,AuxGazeFactorizedViViT,False,102,0.5,,,kl_then_mean,gabril,500,6101,6667.5,6337,499
AuxGazeFactorizedViViT_NoGaze_Qbert_seed-102_1df2b2bcbeaf_20260320-001242,1df2b2bcbeaf,https://wandb.ai/papaya147-ml/ViViT-GABRIL-Atari/runs/1df2b2bcbeaf,finished,2026-03-18T00:47:11Z,8-seed,Qbert,AuxGazeFactorizedViViT,True,102,0.5,,,mean_then_kl,gabril,500,1475.75,622.75,711,499
AuxGazeFactorizedViViT_Qbert_seed-103_01d6de0f6284_20260319-192028,01d6de0f6284,https://wandb.ai/papaya147-ml/ViViT-GABRIL-Atari/runs/01d6de0f6284,finished,2026-03-17T13:43:07Z,8-seed,Qbert,AuxGazeFactorizedViViT,False,103,0.5,,,kl_then_mean,gabril,500,6933.25,5687,5696.5,499
AuxGazeFactorizedViViT_NoGaze_Qbert_seed-103_0353a60a5247_20260320-012230,0353a60a5247,https://wandb.ai/papaya147-ml/ViViT-GABRIL-Atari/runs/0353a60a5247,finished,2026-03-18T01:00:29Z,8-seed,Qbert,AuxGazeFactorizedViViT,True,103,0.5,,,mean_then_kl,gabril,500,3588.75,1080.5,1049.75,499
AuxGazeFactorizedViViT_Qbert_seed-104_6bd2e93d7001_20260319-192052,6bd2e93d7001,https://wandb.ai/papaya147-ml/ViViT-GABRIL-Atari/runs/6bd2e93d7001,finished,2026-03-17T14:25:15Z,8-seed,Qbert,AuxGazeFactorizedViViT,False,104,0.5,,,kl_then_mean,gabril,500,7427.5,6336.75,6662.25,499
AuxGazeFactorizedViViT_NoGaze_Qbert_seed-104_4bc7fd49a4c4_20260320-013229,4bc7fd49a4c4,https://wandb.ai/papaya147-ml/ViViT-GABRIL-Atari/runs/4bc7fd49a4c4,finished,2026-03-18T01:00:29Z,8-seed,Qbert,AuxGazeFactorizedViViT,True,104,0.5,,,mean_then_kl,gabril,500,5275.5,4742,4938.75,499
AuxGazeFactorizedViViT_Qbert_seed-105_bdfafb3bb459_20260319-192122,bdfafb3bb459,https://wandb.ai/papaya147-ml/ViViT-GABRIL-Atari/runs/bdfafb3bb459,finished,2026-03-17T15:03:20Z,8-seed,Qbert,AuxGazeFactorizedViViT,False,105,0.5,,,kl_then_mean,gabril,500,6252.75,6826,6736,499
AuxGazeFactorizedViViT_NoGaze_Qbert_seed-105_357c8e8073f7_20260320-013331,357c8e8073f7,https://wandb.ai/papaya147-ml/ViViT-GABRIL-Atari/runs/357c8e8073f7,finished,2026-03-18T01:00:54Z,8-seed,Qbert,AuxGazeFactorizedViViT,True,105,0.5,,,mean_then_kl,gabril,500,3562.75,3537,3198.5,499
AuxGazeFactorizedViViT_Qbert_seed-106_73c2a9c7e44a_20260319-192223,73c2a9c7e44a,https://wandb.ai/papaya147-ml/ViViT-GABRIL-Atari/runs/73c2a9c7e44a,finished,2026-03-17T15:15:00Z,8-seed,Qbert,AuxGazeFactorizedViViT,False,106,0.5,,,kl_then_mean,gabril,500,8097.25,8187.5,7928,499
AuxGazeFactorizedViViT_NoGaze_Qbert_seed-106_e4994c2d7f79_20260320-013401,e4994c2d7f79,https://wandb.ai/papaya147-ml/ViViT-GABRIL-Atari/runs/e4994c2d7f79,finished,2026-03-18T01:00:54Z,8-seed,Qbert,AuxGazeFactorizedViViT,True,106,0.5,,,mean_then_kl,gabril,500,1635.5,1651.75,1877.75,499
AuxGazeFactorizedViViT_Qbert_seed-107_17e3c7248d5d_20260319-192432,17e3c7248d5d,https://wandb.ai/papaya147-ml/ViViT-GABRIL-Atari/runs/17e3c7248d5d,finished,2026-03-17T16:33:45Z,8-seed,Qbert,AuxGazeFactorizedViViT,False,107,0.5,,,kl_then_mean,gabril,500,7764.75,6924.5,6488,499
AuxGazeFactorizedViViT_NoGaze_Qbert_seed-107_2146ffdb7160_20260320-014013,2146ffdb7160,https://wandb.ai/papaya147-ml/ViViT-GABRIL-Atari/runs/2146ffdb7160,finished,2026-03-18T01:00:29Z,8-seed,Qbert,AuxGazeFactorizedViViT,True,107,0.5,,,mean_then_kl,gabril,500,4199.5,4128,4036.5,499
FactorizedViViT_Qbert_seed-100_6fad6a9bcace_20260319-104453,6fad6a9bcace,https://wandb.ai/papaya147-ml/ViViT-GABRIL-Atari/runs/6fad6a9bcace,finished,2026-03-17T04:19:44Z,8-seed,Qbert,FactorizedViViT,False,100,0.5,,,kl_then_mean,gabril,500,8027.75,8522,7812.75,499
FactorizedViViT_NoGaze_Qbert_seed-100_43a5b9bd1a2b_20260319-195034,43a5b9bd1a2b,https://wandb.ai/papaya147-ml/ViViT-GABRIL-Atari/runs/43a5b9bd1a2b,finished,2026-03-17T16:33:47Z,8-seed,Qbert,FactorizedViViT,True,100,0.5,,,mean_then_kl,gabril,500,6048,5795.5,5529.25,499
FactorizedViViT_Qbert_seed-101_93f75bcc2b4b_20260319-104453,93f75bcc2b4b,https://wandb.ai/papaya147-ml/ViViT-GABRIL-Atari/runs/93f75bcc2b4b,finished,2026-03-17T04:50:13Z,8-seed,Qbert,FactorizedViViT,False,101,0.5,,,kl_then_mean,gabril,500,3325.5,4000,3855.5,499
FactorizedViViT_NoGaze_Qbert_seed-101_5a7d12f7e59d_20260319-195900,5a7d12f7e59d,https://wandb.ai/papaya147-ml/ViViT-GABRIL-Atari/runs/5a7d12f7e59d,finished,2026-03-17T17:01:19Z,8-seed,Qbert,FactorizedViViT,True,101,0.5,,,mean_then_kl,gabril,500,3717.5,2019.75,2332.25,499
FactorizedViViT_Qbert_seed-102_cb52064a3d7a_20260319-104453,cb52064a3d7a,https://wandb.ai/papaya147-ml/ViViT-GABRIL-Atari/runs/cb52064a3d7a,finished,2026-03-17T05:00:49Z,8-seed,Qbert,FactorizedViViT,False,102,0.5,,,kl_then_mean,gabril,500,5728.75,4514.75,5846.75,499
FactorizedViViT_NoGaze_Qbert_seed-102_92d6dd0d8bb9_20260319-200934,92d6dd0d8bb9,https://wandb.ai/papaya147-ml/ViViT-GABRIL-Atari/runs/92d6dd0d8bb9,finished,2026-03-17T17:35:32Z,8-seed,Qbert,FactorizedViViT,True,102,0.5,,,mean_then_kl,gabril,500,6110,5946.5,4871,499
FactorizedViViT_Qbert_seed-103_b944f83b62b5_20260319-104453,b944f83b62b5,https://wandb.ai/papaya147-ml/ViViT-GABRIL-Atari/runs/b944f83b62b5,finished,2026-03-17T05:03:30Z,8-seed,Qbert,FactorizedViViT,False,103,0.5,,,kl_then_mean,gabril,500,10557.75,9865.25,10437.25,499
FactorizedViViT_NoGaze_Qbert_seed-103_cd87c72eaa11_20260319-214425,cd87c72eaa11,https://wandb.ai/papaya147-ml/ViViT-GABRIL-Atari/runs/cd87c72eaa11,finished,2026-03-17T18:42:47Z,8-seed,Qbert,FactorizedViViT,True,103,0.5,,,mean_then_kl,gabril,500,3071.5,2807.25,2786.25,499
FactorizedViViT_Qbert_seed-104_8bd8d55a5509_20260319-104453,8bd8d55a5509,https://wandb.ai/papaya147-ml/ViViT-GABRIL-Atari/runs/8bd8d55a5509,finished,2026-03-17T05:27:17Z,8-seed,Qbert,FactorizedViViT,False,104,0.5,,,kl_then_mean,gabril,500,6806.25,6297.5,6538,499
FactorizedViViT_NoGaze_Qbert_seed-104_182a497367d1_20260319-224552,182a497367d1,https://wandb.ai/papaya147-ml/ViViT-GABRIL-Atari/runs/182a497367d1,finished,2026-03-17T18:49:36Z,8-seed,Qbert,FactorizedViViT,True,104,0.5,,,mean_then_kl,gabril,500,3806.75,2264.75,2276.5,499
FactorizedViViT_Qbert_seed-105_f2743486872f_20260319-104933,f2743486872f,https://wandb.ai/papaya147-ml/ViViT-GABRIL-Atari/runs/f2743486872f,finished,2026-03-17T05:34:54Z,8-seed,Qbert,FactorizedViViT,False,105,0.5,,,kl_then_mean,gabril,500,7808.75,7146.75,7605.75,499
FactorizedViViT_NoGaze_Qbert_seed-105_c6df4e07a5ff_20260319-230608,c6df4e07a5ff,https://wandb.ai/papaya147-ml/ViViT-GABRIL-Atari/runs/c6df4e07a5ff,finished,2026-03-17T19:36:12Z,8-seed,Qbert,FactorizedViViT,True,105,0.5,,,mean_then_kl,gabril,500,3403.25,2951,3401.75,499
FactorizedViViT_Qbert_seed-106_c8a3edc13f52_20260319-110346,c8a3edc13f52,https://wandb.ai/papaya147-ml/ViViT-GABRIL-Atari/runs/c8a3edc13f52,finished,2026-03-17T11:57:14Z,8-seed,Qbert,FactorizedViViT,False,106,0.5,,,kl_then_mean,gabril,500,6262,6474,6415,499
FactorizedViViT_NoGaze_Qbert_seed-106_12913916409f_20260319-231553,12913916409f,https://wandb.ai/papaya147-ml/ViViT-GABRIL-Atari/runs/12913916409f,finished,2026-03-17T22:48:21Z,8-seed,Qbert,FactorizedViViT,True,106,0.5,,,mean_then_kl,gabril,500,4037.25,3430.25,3914,499
FactorizedViViT_Qbert_seed-107_d175f126bd1e_20260319-110544,d175f126bd1e,https://wandb.ai/papaya147-ml/ViViT-GABRIL-Atari/runs/d175f126bd1e,finished,2026-03-17T11:59:16Z,8-seed,Qbert,FactorizedViViT,False,107,0.5,,,kl_then_mean,gabril,500,8568.25,8860.25,7975,499
FactorizedViViT_NoGaze_Qbert_seed-107_926e81d8c2a6_20260319-232053,926e81d8c2a6,https://wandb.ai/papaya147-ml/ViViT-GABRIL-Atari/runs/926e81d8c2a6,finished,2026-03-17T23:01:19Z,8-seed,Qbert,FactorizedViViT,True,107,0.5,,,mean_then_kl,gabril,500,3331.75,1804,2128.5,499
AuxGazeFactorizedViViT_Qbert_seed-42_58d017137720_20260228-024941,58d017137720,https://wandb.ai/papaya147-ml/ViViT-GABRIL-Atari/runs/58d017137720,finished,2026-02-27T06:30:07Z,single-seed,Qbert,AuxGazeFactorizedViViT,False,42,0.5,,,mean_then_kl,gabril,500,4488,4332.5,4312.5,499
AuxGazeFactorizedViViT_Qbert_seed-42_d2f33ea18961_20260228-025020,d2f33ea18961,https://wandb.ai/papaya147-ml/ViViT-GABRIL-Atari/runs/d2f33ea18961,finished,2026-02-27T06:30:38Z,single-seed,Qbert,AuxGazeFactorizedViViT,False,42,0.5,,,kl_then_mean,gabril,500,7487.75,7824,7383.5,499
FactorizedViViT_Qbert_seed-42_7b3426371f7f_20260226-205013,7b3426371f7f,https://wandb.ai/papaya147-ml/ViViT-GABRIL-Atari/runs/7b3426371f7f,finished,2026-02-27T04:50:14Z,single-seed,Qbert,FactorizedViViT,False,42,0.5,,,mean_then_kl,gabril,500,6023,5516,5791,499
FactorizedViViT_Qbert_seed-42_e71288901fcd_20260228-024912,e71288901fcd,https://wandb.ai/papaya147-ml/ViViT-GABRIL-Atari/runs/e71288901fcd,finished,2026-02-27T05:03:16Z,single-seed,Qbert,FactorizedViViT,False,42,0.5,,,kl_then_mean,gabril,500,7800,5965.75,6325.25,499
AuxGazeFactorizedViViT_Seaquest_seed-100_c91a90681c1e_20260323-110853,c91a90681c1e,https://wandb.ai/papaya147-ml/ViViT-GABRIL-Atari/runs/c91a90681c1e,finished,2026-03-18T08:07:10Z,8-seed,Seaquest,AuxGazeFactorizedViViT,False,100,0.5,,,kl_then_mean,gabril,500,513.2,503.8,540.4,499
AuxGazeFactorizedViViT_NoGaze_Seaquest_seed-100_eabf2a5ae2d6_20260323-122236,eabf2a5ae2d6,https://wandb.ai/papaya147-ml/ViViT-GABRIL-Atari/runs/eabf2a5ae2d6,finished,2026-03-18T17:02:00Z,8-seed,Seaquest,AuxGazeFactorizedViViT,True,100,0.5,,,mean_then_kl,gabril,500,538.6,497,532.4,499
AuxGazeFactorizedViViT_Seaquest_seed-101_f92555c707b6_20260323-111729,f92555c707b6,https://wandb.ai/papaya147-ml/ViViT-GABRIL-Atari/runs/f92555c707b6,finished,2026-03-18T08:19:23Z,8-seed,Seaquest,AuxGazeFactorizedViViT,False,101,0.5,,,kl_then_mean,gabril,500,1064,1011.4,1047.4,499
AuxGazeFactorizedViViT_NoGaze_Seaquest_seed-101_c3d53d1b258e_20260323-122232,c3d53d1b258e,https://wandb.ai/papaya147-ml/ViViT-GABRIL-Atari/runs/c3d53d1b258e,finished,2026-03-18T17:35:51Z,8-seed,Seaquest,AuxGazeFactorizedViViT,True,101,0.5,,,mean_then_kl,gabril,500,543,550.6,527.4,499
AuxGazeFactorizedViViT_Seaquest_seed-102_5a09418ae495_20260323-112808,5a09418ae495,https://wandb.ai/papaya147-ml/ViViT-GABRIL-Atari/runs/5a09418ae495,finished,2026-03-18T09:14:14Z,8-seed,Seaquest,AuxGazeFactorizedViViT,False,102,0.5,,,kl_then_mean,gabril,500,1059.8,1045.8,1087.2,499
AuxGazeFactorizedViViT_NoGaze_Seaquest_seed-102_d5b41171231a_20260323-122401,d5b41171231a,https://wandb.ai/papaya147-ml/ViViT-GABRIL-Atari/runs/d5b41171231a,finished,2026-03-18T18:42:43Z,8-seed,Seaquest,AuxGazeFactorizedViViT,True,102,0.5,,,mean_then_kl,gabril,500,853.4,836.8,847.8,499
AuxGazeFactorizedViViT_Seaquest_seed-103_d98fced0bd33_20260323-112808,d98fced0bd33,https://wandb.ai/papaya147-ml/ViViT-GABRIL-Atari/runs/d98fced0bd33,finished,2026-03-18T10:09:46Z,8-seed,Seaquest,AuxGazeFactorizedViViT,False,103,0.5,,,kl_then_mean,gabril,500,1098.8,1111.4,1064.6,499
AuxGazeFactorizedViViT_NoGaze_Seaquest_seed-103_229a1bdae5a4_20260323-124354,229a1bdae5a4,https://wandb.ai/papaya147-ml/ViViT-GABRIL-Atari/runs/229a1bdae5a4,finished,2026-03-18T23:02:11Z,8-seed,Seaquest,AuxGazeFactorizedViViT,True,103,0.5,,,mean_then_kl,gabril,500,616.2,587.6,624.4,499
AuxGazeFactorizedViViT_Seaquest_seed-104_4c4baab3d129_20260323-113111,4c4baab3d129,https://wandb.ai/papaya147-ml/ViViT-GABRIL-Atari/runs/4c4baab3d129,finished,2026-03-18T11:57:53Z,8-seed,Seaquest,AuxGazeFactorizedViViT,False,104,0.5,,,kl_then_mean,gabril,500,1058,1026.8,1047.2,499
AuxGazeFactorizedViViT_NoGaze_Seaquest_seed-104_9c260e8470b7_20260323-124426,9c260e8470b7,https://wandb.ai/papaya147-ml/ViViT-GABRIL-Atari/runs/9c260e8470b7,finished,2026-03-18T23:02:10Z,8-seed,Seaquest,AuxGazeFactorizedViViT,True,104,0.5,,,mean_then_kl,gabril,500,653.4,622.4,659.4,499
AuxGazeFactorizedViViT_Seaquest_seed-105_f7282c69d457_20260323-113313,f7282c69d457,https://wandb.ai/papaya147-ml/ViViT-GABRIL-Atari/runs/f7282c69d457,finished,2026-03-18T11:59:27Z,8-seed,Seaquest,AuxGazeFactorizedViViT,False,105,0.5,,,kl_then_mean,gabril,500,812,803,790,499
AuxGazeFactorizedViViT_NoGaze_Seaquest_seed-105_e3265ea89144_20260323-124455,e3265ea89144,https://wandb.ai/papaya147-ml/ViViT-GABRIL-Atari/runs/e3265ea89144,finished,2026-03-18T23:49:07Z,8-seed,Seaquest,AuxGazeFactorizedViViT,True,105,0.5,,,mean_then_kl,gabril,500,731.4,715.2,773.8,499
AuxGazeFactorizedViViT_Seaquest_seed-106_ac4ff9568a45_20260323-113415,ac4ff9568a45,https://wandb.ai/papaya147-ml/ViViT-GABRIL-Atari/runs/ac4ff9568a45,finished,2026-03-18T11:59:57Z,8-seed,Seaquest,AuxGazeFactorizedViViT,False,106,0.5,,,kl_then_mean,gabril,500,1064.2,978,1038.2,499
AuxGazeFactorizedViViT_NoGaze_Seaquest_seed-106_3c9b7f6d4da1_20260323-124759,3c9b7f6d4da1,https://wandb.ai/papaya147-ml/ViViT-GABRIL-Atari/runs/3c9b7f6d4da1,finished,2026-03-19T00:37:58Z,8-seed,Seaquest,AuxGazeFactorizedViViT,True,106,0.5,,,mean_then_kl,gabril,500,546.4,538.6,573.8,499
AuxGazeFactorizedViViT_Seaquest_seed-107_30c2f0975d1d_20260323-113723,30c2f0975d1d,https://wandb.ai/papaya147-ml/ViViT-GABRIL-Atari/runs/30c2f0975d1d,finished,2026-03-18T12:24:24Z,8-seed,Seaquest,AuxGazeFactorizedViViT,False,107,0.5,,,kl_then_mean,gabril,500,854,839.6,865.2,499
AuxGazeFactorizedViViT_NoGaze_Seaquest_seed-107_67a4892912ca_20260323-125129,67a4892912ca,https://wandb.ai/papaya147-ml/ViViT-GABRIL-Atari/runs/67a4892912ca,finished,2026-03-19T01:23:44Z,8-seed,Seaquest,AuxGazeFactorizedViViT,True,107,0.5,,,mean_then_kl,gabril,500,430.8,432,417,499
FactorizedViViT_Seaquest_seed-100_f3611fdc6f0e_20260323-100321,f3611fdc6f0e,https://wandb.ai/papaya147-ml/ViViT-GABRIL-Atari/runs/f3611fdc6f0e,finished,2026-03-18T02:12:52Z,8-seed,Seaquest,FactorizedViViT,False,100,0.5,,,kl_then_mean,gabril,500,632,706,652,499
FactorizedViViT_NoGaze_Seaquest_seed-100_37081999234b_20260323-115737,37081999234b,https://wandb.ai/papaya147-ml/ViViT-GABRIL-Atari/runs/37081999234b,finished,2026-03-18T13:10:23Z,8-seed,Seaquest,FactorizedViViT,True,100,0.5,,,mean_then_kl,gabril,500,506.8,575.6,526.4,499
FactorizedViViT_Seaquest_seed-101_c06f7a3fd755_20260323-102440,c06f7a3fd755,https://wandb.ai/papaya147-ml/ViViT-GABRIL-Atari/runs/c06f7a3fd755,finished,2026-03-18T02:18:01Z,8-seed,Seaquest,FactorizedViViT,False,101,0.5,,,kl_then_mean,gabril,500,935.8,946.6,914.6,499
FactorizedViViT_NoGaze_Seaquest_seed-101_58467bf8e15f_20260323-115914,58467bf8e15f,https://wandb.ai/papaya147-ml/ViViT-GABRIL-Atari/runs/58467bf8e15f,finished,2026-03-18T13:37:18Z,8-seed,Seaquest,FactorizedViViT,True,101,0.5,,,mean_then_kl,gabril,500,514.2,494.4,542.4,499
FactorizedViViT_Seaquest_seed-102_a88342cd0491_20260323-103448,a88342cd0491,https://wandb.ai/papaya147-ml/ViViT-GABRIL-Atari/runs/a88342cd0491,finished,2026-03-18T04:20:10Z,8-seed,Seaquest,FactorizedViViT,False,102,0.5,,,kl_then_mean,gabril,500,944.8,967.6,939.6,499
FactorizedViViT_NoGaze_Seaquest_seed-102_996a53afa700_20260323-115940,996a53afa700,https://wandb.ai/papaya147-ml/ViViT-GABRIL-Atari/runs/996a53afa700,finished,2026-03-18T13:43:49Z,8-seed,Seaquest,FactorizedViViT,True,102,0.5,,,mean_then_kl,gabril,500,630.6,619,631.2,499
FactorizedViViT_Seaquest_seed-103_a670dd8110d4_20260323-103450,a670dd8110d4,https://wandb.ai/papaya147-ml/ViViT-GABRIL-Atari/runs/a670dd8110d4,finished,2026-03-18T04:50:57Z,8-seed,Seaquest,FactorizedViViT,False,103,0.5,,,kl_then_mean,gabril,500,712.8,767,713.2,499
FactorizedViViT_NoGaze_Seaquest_seed-103_96244b2bbc23_20260323-120116,96244b2bbc23,https://wandb.ai/papaya147-ml/ViViT-GABRIL-Atari/runs/96244b2bbc23,finished,2026-03-18T14:44:30Z,8-seed,Seaquest,FactorizedViViT,True,103,0.5,,,mean_then_kl,gabril,500,603.2,624.8,619.4,499
FactorizedViViT_Seaquest_seed-104_eb9f6fb2a039_20260323-103448,eb9f6fb2a039,https://wandb.ai/papaya147-ml/ViViT-GABRIL-Atari/runs/eb9f6fb2a039,finished,2026-03-18T05:08:04Z,8-seed,Seaquest,FactorizedViViT,False,104,0.5,,,kl_then_mean,gabril,500,918.2,910.8,926.4,499
FactorizedViViT_NoGaze_Seaquest_seed-104_b278def6ca0a_20260323-120217,b278def6ca0a,https://wandb.ai/papaya147-ml/ViViT-GABRIL-Atari/runs/b278def6ca0a,finished,2026-03-18T15:03:42Z,8-seed,Seaquest,FactorizedViViT,True,104,0.5,,,mean_then_kl,gabril,500,565.8,555.4,584.6,499
FactorizedViViT_Seaquest_seed-105_0f297ad5e167_20260323-105001,0f297ad5e167,https://wandb.ai/papaya147-ml/ViViT-GABRIL-Atari/runs/0f297ad5e167,finished,2026-03-18T07:39:06Z,8-seed,Seaquest,FactorizedViViT,False,105,0.5,,,kl_then_mean,gabril,500,1024.6,1022,1008.2,499
FactorizedViViT_NoGaze_Seaquest_seed-105_8549d6588c0b_20260323-121325,8549d6588c0b,https://wandb.ai/papaya147-ml/ViViT-GABRIL-Atari/runs/8549d6588c0b,finished,2026-03-18T15:35:36Z,8-seed,Seaquest,FactorizedViViT,True,105,0.5,,,mean_then_kl,gabril,500,602.2,598.6,573.2,499
FactorizedViViT_Seaquest_seed-106_d87fd06285d1_20260323-110214,d87fd06285d1,https://wandb.ai/papaya147-ml/ViViT-GABRIL-Atari/runs/d87fd06285d1,finished,2026-03-18T07:49:45Z,8-seed,Seaquest,FactorizedViViT,False,106,0.5,,,kl_then_mean,gabril,500,985.8,932.4,997.4,499
FactorizedViViT_NoGaze_Seaquest_seed-106_75bcbeb97a84_20260323-121959,75bcbeb97a84,https://wandb.ai/papaya147-ml/ViViT-GABRIL-Atari/runs/75bcbeb97a84,finished,2026-03-18T16:34:00Z,8-seed,Seaquest,FactorizedViViT,True,106,0.5,,,mean_then_kl,gabril,500,577,639.4,638.2,499
FactorizedViViT_Seaquest_seed-107_f2d787fb2853_20260323-110315,f2d787fb2853,https://wandb.ai/papaya147-ml/ViViT-GABRIL-Atari/runs/f2d787fb2853,finished,2026-03-18T07:53:24Z,8-seed,Seaquest,FactorizedViViT,False,107,0.5,,,kl_then_mean,gabril,500,1069.2,1053.8,1051.4,499
FactorizedViViT_NoGaze_Seaquest_seed-107_4375382745ac_20260323-122032,4375382745ac,https://wandb.ai/papaya147-ml/ViViT-GABRIL-Atari/runs/4375382745ac,finished,2026-03-18T16:34:03Z,8-seed,Seaquest,FactorizedViViT,True,107,0.5,,,mean_then_kl,gabril,500,607.6,611.8,628,499
AuxGazeFactorizedViViT_Seaquest_seed-42_006160da9e30_20260227-213639,006160da9e30,https://wandb.ai/papaya147-ml/ViViT-GABRIL-Atari/runs/006160da9e30,finished,2026-02-27T02:22:09Z,single-seed,Seaquest,AuxGazeFactorizedViViT,False,42,0.5,,,kl_then_mean,gabril,500,760.6,754.6,754.2,499
AuxGazeFactorizedViViT_Seaquest_seed-42_424443860489_20260303-010428,424443860489_new,https://wandb.ai/papaya147-ml/ViViT-GABRIL-Atari/runs/424443860489_new,crashed,2026-03-03T09:04:29Z,single-seed,Seaquest,AuxGazeFactorizedViViT,False,42,0.5,,,mean_then_kl,gabril,500,,,443.4,200
FactorizedViViT_Seaquest_seed-42_69a5930b9bd0_20260227-202230,69a5930b9bd0,https://wandb.ai/papaya147-ml/ViViT-GABRIL-Atari/runs/69a5930b9bd0,finished,2026-02-27T00:11:47Z,single-seed,Seaquest,FactorizedViViT,False,42,0.5,,,mean_then_kl,gabril,500,845.8,858.2,816.6,499
FactorizedViViT_Seaquest_seed-42_78aedb21842d_20260303-062122,78aedb21842d_new,https://wandb.ai/papaya147-ml/ViViT-GABRIL-Atari/runs/78aedb21842d_new,crashed,2026-03-03T14:21:24Z,single-seed,Seaquest,FactorizedViViT,False,42,0.5,,,kl_then_mean,gabril,500,,,180.4,141
AuxGazeFactorizedViViT_UpNDown_seed-100_6a5741fa1b67_20260323-190507,6a5741fa1b67,https://wandb.ai/papaya147-ml/ViViT-GABRIL-Atari/runs/6a5741fa1b67,finished,2026-03-22T08:42:15Z,8-seed,UpNDown,AuxGazeFactorizedViViT,False,100,0.5,,,kl_then_mean,gabril,500,8297.7,8185.4,7508,499
AuxGazeFactorizedViViT_NoGaze_UpNDown_seed-100_a53971ed4706_20260324-045927,a53971ed4706,https://wandb.ai/papaya147-ml/ViViT-GABRIL-Atari/runs/a53971ed4706,finished,2026-03-22T15:32:27Z,8-seed,UpNDown,AuxGazeFactorizedViViT,True,100,0.5,,,mean_then_kl,gabril,500,2041.8,1866.8,2008,499
AuxGazeFactorizedViViT_UpNDown_seed-101_d40c727a6cc5_20260323-190506,d40c727a6cc5,https://wandb.ai/papaya147-ml/ViViT-GABRIL-Atari/runs/d40c727a6cc5,finished,2026-03-22T10:38:32Z,8-seed,UpNDown,AuxGazeFactorizedViViT,False,101,0.5,,,kl_then_mean,gabril,500,7297.8,7429.2,7392.9,499
AuxGazeFactorizedViViT_NoGaze_UpNDown_seed-101_38812206410d_20260324-053009,38812206410d,https://wandb.ai/papaya147-ml/ViViT-GABRIL-Atari/runs/38812206410d,finished,2026-03-22T15:39:40Z,8-seed,UpNDown,AuxGazeFactorizedViViT,True,101,0.5,,,mean_then_kl,gabril,500,3151.3,3101,3081.3,499
AuxGazeFactorizedViViT_UpNDown_seed-102_bfecf029b90b_20260323-191052,bfecf029b90b,https://wandb.ai/papaya147-ml/ViViT-GABRIL-Atari/runs/bfecf029b90b,finished,2026-03-22T11:16:21Z,8-seed,UpNDown,AuxGazeFactorizedViViT,False,102,0.5,,,kl_then_mean,gabril,500,9122.6,8571.9,8970.4,499
AuxGazeFactorizedViViT_NoGaze_UpNDown_seed-102_7f7c52cc5362_20260324-053000,7f7c52cc5362,https://wandb.ai/papaya147-ml/ViViT-GABRIL-Atari/runs/7f7c52cc5362,finished,2026-03-22T15:55:33Z,8-seed,UpNDown,AuxGazeFactorizedViViT,True,102,0.5,,,mean_then_kl,gabril,500,3754,3712.9,3382.6,499
AuxGazeFactorizedViViT_UpNDown_seed-103_97d4f21b6809_20260323-201001,97d4f21b6809,https://wandb.ai/papaya147-ml/ViViT-GABRIL-Atari/runs/97d4f21b6809,finished,2026-03-22T11:45:29Z,8-seed,UpNDown,AuxGazeFactorizedViViT,False,103,0.5,,,kl_then_mean,gabril,500,6914,7218.5,6837.4,499
AuxGazeFactorizedViViT_NoGaze_UpNDown_seed-103_32e252b7ca8a_20260324-053618,32e252b7ca8a,https://wandb.ai/papaya147-ml/ViViT-GABRIL-Atari/runs/32e252b7ca8a,finished,2026-03-22T16:53:36Z,8-seed,UpNDown,AuxGazeFactorizedViViT,True,103,0.5,,,mean_then_kl,gabril,500,2707.2,2516.7,2576.9,499
AuxGazeFactorizedViViT_UpNDown_seed-104_666ebccfe49d_20260323-201419,666ebccfe49d,https://wandb.ai/papaya147-ml/ViViT-GABRIL-Atari/runs/666ebccfe49d,finished,2026-03-22T11:51:41Z,8-seed,UpNDown,AuxGazeFactorizedViViT,False,104,0.5,,,kl_then_mean,gabril,500,8449.2,8180.6,8912.6,499
AuxGazeFactorizedViViT_NoGaze_UpNDown_seed-104_b26d1a934bb4_20260324-054357,b26d1a934bb4,https://wandb.ai/papaya147-ml/ViViT-GABRIL-Atari/runs/b26d1a934bb4,finished,2026-03-22T17:02:41Z,8-seed,UpNDown,AuxGazeFactorizedViViT,True,104,0.5,,,mean_then_kl,gabril,500,3172.9,2901.2,3116.3,499
AuxGazeFactorizedViViT_UpNDown_seed-105_776bc95e6627_20260323-223156,776bc95e6627,https://wandb.ai/papaya147-ml/ViViT-GABRIL-Atari/runs/776bc95e6627,finished,2026-03-22T12:09:31Z,8-seed,UpNDown,AuxGazeFactorizedViViT,False,105,0.5,,,kl_then_mean,gabril,500,7241,6614.5,7141.8,499
AuxGazeFactorizedViViT_NoGaze_UpNDown_seed-105_9ad1bb5cca8c_20260324-054937,9ad1bb5cca8c,https://wandb.ai/papaya147-ml/ViViT-GABRIL-Atari/runs/9ad1bb5cca8c,finished,2026-03-22T17:34:18Z,8-seed,UpNDown,AuxGazeFactorizedViViT,True,105,0.5,,,mean_then_kl,gabril,500,2740,2570.9,2867.3,499
AuxGazeFactorizedViViT_UpNDown_seed-106_7ff8853fa97b_20260324-031245,7ff8853fa97b,https://wandb.ai/papaya147-ml/ViViT-GABRIL-Atari/runs/7ff8853fa97b,finished,2026-03-22T12:25:22Z,8-seed,UpNDown,AuxGazeFactorizedViViT,False,106,0.5,,,kl_then_mean,gabril,500,7006.6,7263,7423.9,499
AuxGazeFactorizedViViT_NoGaze_UpNDown_seed-106_6d34e226dbb7_20260324-060530,6d34e226dbb7,https://wandb.ai/papaya147-ml/ViViT-GABRIL-Atari/runs/6d34e226dbb7,finished,2026-03-22T17:34:19Z,8-seed,UpNDown,AuxGazeFactorizedViViT,True,106,0.5,,,mean_then_kl,gabril,500,3085.6,3246.1,3106.8,499
AuxGazeFactorizedViViT_UpNDown_seed-107_a58f331b1b4f_20260324-040244,a58f331b1b4f,https://wandb.ai/papaya147-ml/ViViT-GABRIL-Atari/runs/a58f331b1b4f,finished,2026-03-22T12:35:41Z,8-seed,UpNDown,AuxGazeFactorizedViViT,False,107,0.5,,,kl_then_mean,gabril,500,5827.5,6064.3,6171.7,499
AuxGazeFactorizedViViT_NoGaze_UpNDown_seed-107_591c0a095b40_20260324-062157,591c0a095b40,https://wandb.ai/papaya147-ml/ViViT-GABRIL-Atari/runs/591c0a095b40,finished,2026-03-22T17:34:19Z,8-seed,UpNDown,AuxGazeFactorizedViViT,True,107,0.5,,,mean_then_kl,gabril,500,2279.2,1818.5,1837.7,499
FactorizedViViT_UpNDown_seed-100_d1e24e6c9498_20260323-131729,d1e24e6c9498,https://wandb.ai/papaya147-ml/ViViT-GABRIL-Atari/runs/d1e24e6c9498,finished,2026-03-22T00:57:52Z,8-seed,UpNDown,FactorizedViViT,False,100,0.5,,,kl_then_mean,gabril,500,7440.1,6803.8,6893.5,499
FactorizedViViT_NoGaze_UpNDown_seed-100_2c5217a27b61_20260324-041445,2c5217a27b61,https://wandb.ai/papaya147-ml/ViViT-GABRIL-Atari/runs/2c5217a27b61,finished,2026-03-22T13:04:41Z,8-seed,UpNDown,FactorizedViViT,True,100,0.5,,,mean_then_kl,gabril,500,1949.2,2099.2,1936.2,499
FactorizedViViT_UpNDown_seed-101_ee5fbde54fd8_20260323-132102,ee5fbde54fd8,https://wandb.ai/papaya147-ml/ViViT-GABRIL-Atari/runs/ee5fbde54fd8,finished,2026-03-22T00:57:59Z,8-seed,UpNDown,FactorizedViViT,False,101,0.5,,,kl_then_mean,gabril,500,6946,7174.5,6911.1,499
FactorizedViViT_NoGaze_UpNDown_seed-101_c7e861bf671a_20260324-042437,c7e861bf671a,https://wandb.ai/papaya147-ml/ViViT-GABRIL-Atari/runs/c7e861bf671a,finished,2026-03-22T13:41:19Z,8-seed,UpNDown,FactorizedViViT,True,101,0.5,,,mean_then_kl,gabril,500,2660.2,2567.2,2779.5,499
FactorizedViViT_UpNDown_seed-102_7545bef9b967_20260323-135641,7545bef9b967,https://wandb.ai/papaya147-ml/ViViT-GABRIL-Atari/runs/7545bef9b967,finished,2026-03-22T00:57:52Z,8-seed,UpNDown,FactorizedViViT,False,102,0.5,,,kl_then_mean,gabril,500,7936.9,8261.2,8749.1,499
FactorizedViViT_NoGaze_UpNDown_seed-102_a0af64d1f99a_20260324-043809,a0af64d1f99a,https://wandb.ai/papaya147-ml/ViViT-GABRIL-Atari/runs/a0af64d1f99a,finished,2026-03-22T13:53:26Z,8-seed,UpNDown,FactorizedViViT,True,102,0.5,,,mean_then_kl,gabril,500,3081.6,3276.4,3359.1,499
FactorizedViViT_UpNDown_seed-103_1122de40a9cc_20260323-155407,1122de40a9cc,https://wandb.ai/papaya147-ml/ViViT-GABRIL-Atari/runs/1122de40a9cc,finished,2026-03-22T01:27:26Z,8-seed,UpNDown,FactorizedViViT,False,103,0.5,,,kl_then_mean,gabril,500,7817,8504.7,7849.8,499
FactorizedViViT_NoGaze_UpNDown_seed-103_4d20494aeff1_20260324-044123,4d20494aeff1,https://wandb.ai/papaya147-ml/ViViT-GABRIL-Atari/runs/4d20494aeff1,finished,2026-03-22T14:11:10Z,8-seed,UpNDown,FactorizedViViT,True,103,0.5,,,mean_then_kl,gabril,500,2157.3,2335.4,2223.4,499
FactorizedViViT_UpNDown_seed-104_c76d45ee046f_20260323-180000,c76d45ee046f,https://wandb.ai/papaya147-ml/ViViT-GABRIL-Atari/runs/c76d45ee046f,finished,2026-03-22T01:54:27Z,8-seed,UpNDown,FactorizedViViT,False,104,0.5,,,kl_then_mean,gabril,500,7144.1,7544.1,7516.8,499
FactorizedViViT_NoGaze_UpNDown_seed-104_c9483688a232_20260324-044733,c9483688a232,https://wandb.ai/papaya147-ml/ViViT-GABRIL-Atari/runs/c9483688a232,finished,2026-03-22T14:14:41Z,8-seed,UpNDown,FactorizedViViT,True,104,0.5,,,mean_then_kl,gabril,500,2577.3,2527.7,2458.3,499
FactorizedViViT_UpNDown_seed-105_a78c7f96ccef_20260323-184517,a78c7f96ccef,https://wandb.ai/papaya147-ml/ViViT-GABRIL-Atari/runs/a78c7f96ccef,finished,2026-03-22T02:22:09Z,8-seed,UpNDown,FactorizedViViT,False,105,0.5,,,kl_then_mean,gabril,500,7270.8,6911.8,7198.7,499
FactorizedViViT_NoGaze_UpNDown_seed-105_7c3d4521cfb4_20260324-044733,7c3d4521cfb4,https://wandb.ai/papaya147-ml/ViViT-GABRIL-Atari/runs/7c3d4521cfb4,finished,2026-03-22T14:28:50Z,8-seed,UpNDown,FactorizedViViT,True,105,0.5,,,mean_then_kl,gabril,500,1844.5,1750.1,1822.9,499
FactorizedViViT_UpNDown_seed-106_393e3f5cdcbf_20260323-185543,393e3f5cdcbf,https://wandb.ai/papaya147-ml/ViViT-GABRIL-Atari/runs/393e3f5cdcbf,finished,2026-03-22T05:31:21Z,8-seed,UpNDown,FactorizedViViT,False,106,0.5,,,kl_then_mean,gabril,500,8189.4,8391.2,8872.2,499
FactorizedViViT_NoGaze_UpNDown_seed-106_16b9930106b2_20260324-045007,16b9930106b2,https://wandb.ai/papaya147-ml/ViViT-GABRIL-Atari/runs/16b9930106b2,finished,2026-03-22T14:57:39Z,8-seed,UpNDown,FactorizedViViT,True,106,0.5,,,mean_then_kl,gabril,500,3198.7,2821.3,2789.2,499
FactorizedViViT_UpNDown_seed-107_e8dab6b49d1c_20260323-190514,e8dab6b49d1c,https://wandb.ai/papaya147-ml/ViViT-GABRIL-Atari/runs/e8dab6b49d1c,finished,2026-03-22T06:35:52Z,8-seed,UpNDown,FactorizedViViT,False,107,0.5,,,kl_then_mean,gabril,500,7639.4,7638.6,7576.3,499
FactorizedViViT_NoGaze_UpNDown_seed-107_456ad6de5490_20260324-045039,456ad6de5490,https://wandb.ai/papaya147-ml/ViViT-GABRIL-Atari/runs/456ad6de5490,finished,2026-03-22T15:27:52Z,8-seed,UpNDown,FactorizedViViT,True,107,0.5,,,mean_then_kl,gabril,500,3167,1508.1,1397.7,499
AuxGazeFactorizedViViT_UpNDown_seed-42_8d541db3392a_20260227-150447,8d541db3392a,https://wandb.ai/papaya147-ml/ViViT-GABRIL-Atari/runs/8d541db3392a,finished,2026-02-26T06:43:05Z,single-seed,UpNDown,AuxGazeFactorizedViViT,False,42,0.5,,,mean_then_kl,gabril,500,8368.6,8383.4,9261.8,499
AuxGazeFactorizedViViT_UpNDown_seed-42_7bedae159997_20260227-155216,7bedae159997,https://wandb.ai/papaya147-ml/ViViT-GABRIL-Atari/runs/7bedae159997,finished,2026-02-26T06:57:28Z,single-seed,UpNDown,AuxGazeFactorizedViViT,False,42,0.5,,,kl_then_mean,gabril,500,7663.7,7396.8,8354.6,499
FactorizedViViT_UpNDown_seed-42_5d86bc876bd1_20260227-144140,5d86bc876bd1,https://wandb.ai/papaya147-ml/ViViT-GABRIL-Atari/runs/5d86bc876bd1,finished,2026-02-26T06:35:42Z,single-seed,UpNDown,FactorizedViViT,False,42,0.5,,,mean_then_kl,gabril,500,7737.3,8417,8347,499
FactorizedViViT_UpNDown_seed-42_ecb211adde18_20260227-150104,ecb211adde18,https://wandb.ai/papaya147-ml/ViViT-GABRIL-Atari/runs/ecb211adde18,finished,2026-02-26T06:36:20Z,single-seed,UpNDown,FactorizedViViT,False,42,0.5,,,kl_then_mean,gabril,500,9223.2,9459,8852.3,499
